Book Id,Title,Author,Author l-f,Additional Authors,ISBN,ISBN13,My Rating,Average Rating,Publisher,Binding,Number of Pages,Year Published,Original Publication Year,Date Read,Date Added,Bookshelves,Bookshelves with positions,Exclusive Shelf,My Review,Spoiler,Private Notes,Read Count,Owned Copies
219521090,Dream Count,Chimamanda Ngozi Adichie,"Adichie, Chimamanda Ngozi",,"=""059380273X""","=""9780593802731""",0,3.79,Knopf,Kindle Edition,474,2025,2025,,2026/02/27,to-read,to-read (#163),to-read,,,,0,0
197239502,How Africa Works: Success and Failure on the World's Last Developmental Frontier,Joe Studwell,"Studwell, Joe",,"=""0802158439""","=""9780802158437""",0,4.24,Atlantic Monthly Press,Hardcover,416,2026,,,2026/02/18,to-read,to-read (#162),to-read,,,,0,0
199534239,Hyperpolitik,Anton Jäger,"Jäger, Anton",,"=""3518127977""","=""9783518127971""",0,3.88,Suhrkamp,Paperback,140,2023,2023,,2026/02/17,to-read,to-read (#161),to-read,,,,0,0
56279741,How China Escaped Shock Therapy: The Market Reform Debate,Isabella M. Weber,"Weber, Isabella M.",,"=""0429953968""","=""9780429953965""",0,4.32,Routledge,Kindle Edition,358,2021,,,2026/02/16,to-read,to-read (#160),to-read,,,,0,0
29780906,Slavery's Capitalism: A New History of American Economic Development,Sven Beckert,"Beckert, Sven",Seth Rockman,"=""0812293096""","=""9780812293098""",0,4.08,University of Pennsylvania Press,ebook,416,2016,2016,,2026/02/16,to-read,to-read (#159),to-read,,,,0,0
224551667,Capitalism: A Global History,Sven Beckert,"Beckert, Sven",,"=""0141983752""","=""9780141983752""",0,4.31,Penguin,Kindle Edition,1344,2025,,,2026/02/16,to-read,to-read (#158),to-read,,,,0,0
20758057,Empire of Cotton: A Global History,Sven Beckert,"Beckert, Sven",,"=""0375414142""","=""9780375414145""",0,3.90,Knopf,Hardcover,640,2014,2014,,2026/02/16,to-read,to-read (#157),to-read,,,,0,0
128611780,Zauber der Stille,Florian Illies,"Illies, Florian",,"=""310490300X""","=""9783104903002""",0,4.02,FISCHER E-Books,Kindle Edition,237,2023,2023,,2026/01/07,to-read,to-read (#156),to-read,,,,0,0
42643866,"1913: Was ich unbedingt noch erzählen wollte (1913, #2)",Florian Illies,"Illies, Florian",,"=""""","=""9783103973600""",0,4.13,S. FISCHER,Hardcover,304,2018,2018,,2026/01/07,to-read,to-read (#155),to-read,,,,0,0
58186959,Liebe in Zeiten des Hasses: Chronik eines Gefühls 1929–1939,Florian Illies,"Illies, Florian",,"=""""","=""""",0,4.00,S. Fischer Verlag,Hardcover,304,2021,2021,,2026/01/07,currently-reading,currently-reading (#17),currently-reading,,,,1,0
230137095,Carmen o cómo me inicié en el negocio de bailar sin ropa (Spanish Edition),Romina Pistolas,"Pistolas, Romina",,"=""""","=""""",4,4.33,Editorial Cuneta,Paperback,232,2022,,,2026/01/01,,,read,,,,1,0
48616787,The Lying Life of Adults,Elena Ferrante,"Ferrante, Elena",Ann Goldstein,"=""1609455916""","=""9781609455910""",4,3.67,Europa Editions,Hardcover,336,2020,2019,2025/11/14,2025/09/06,,,read,,,,1,0
138378661,"Immediacy: Or, The Style of Too Late Capitalism",Anna Kornbluh,"Kornbluh, Anna",,"=""180429134X""","=""9781804291344""",0,3.85,Verso,Paperback,240,2024,2024,,2025/10/23,to-read,to-read (#154),to-read,,,,0,0
12327273,Schimmernder Dunst über Coby County,Leif Randt,"Randt, Leif",,"=""3827010276""","=""9783827010278""",0,3.65,Berlin Verlag,Hardcover,192,2011,2011,,2025/10/01,to-read,to-read (#153),to-read,,,,0,0
231260474,Let's Talk About Feelings,Leif Randt,"Randt, Leif",,"=""3462313363""","=""9783462313369""",0,3.75,Kiepenheuer & Witsch eBook,Kindle Edition,304,2025,,,2025/10/01,to-read,to-read (#152),to-read,,,,0,0
48558668,Change Everything: Creating an Economy for the Common Good,Christian Felber,"Felber, Christian",Ann Pettifor,"=""1786997495""","=""9781786997494""",0,3.68,Zed Books,Kindle Edition,272,2019,2010,,2025/09/21,to-read,to-read (#151),to-read,,,,0,0
30209229,The Production of Money: How to Break the Power of Bankers,Ann Pettifor,"Pettifor, Ann",,"=""1786631342""","=""9781786631343""",0,3.68,Verso,Hardcover,172,2017,2017,,2025/09/21,to-read,to-read (#150),to-read,,,,0,0
50154780,The Case for the Green New Deal,Ann Pettifor,"Pettifor, Ann",,"=""1788738152""","=""9781788738156""",0,3.75,Verso,Hardcover,208,2019,,,2025/09/21,to-read,to-read (#149),to-read,,,,0,0
94349,El pez en el agua,Mario Vargas Llosa,"Llosa, Mario Vargas",,"=""9870400906""","=""9789870400905""",0,4.02,Alfaguara,Paperback,618,2006,1993,,2025/09/11,to-read,to-read (#148),to-read,,,,0,0
51648276,Drive Your Plow Over the Bones of the Dead,Olga Tokarczuk,"Tokarczuk, Olga","Antonia Lloyd-Jones, Beata Poźniak","=""""","=""""",4,3.93,Penguin Audio,Audible Audio,274,2019,2009,2025/09/03,2025/09/01,,,read,,,,1,0
46170,For Whom the Bell Tolls,Ernest Hemingway,"Hemingway, Ernest",,"=""""","=""""",0,3.99,Scribner,Paperback,471,1995,1940,,2025/08/16,to-read,to-read (#147),to-read,,,,0,0
23859,Soldiers of Salamis,Javier Cercas,"Cercas, Javier",Anne McLean,"=""1582344728""","=""9781582344720""",0,3.86,Bloomsbury USA,Paperback,213,2005,2001,,2025/08/16,to-read,to-read (#146),to-read,,,,0,0
54120408,Klara and the Sun,Kazuo Ishiguro,"Ishiguro, Kazuo",,"=""059331817X""","=""9780593318171""",4,3.74,Alfred A. Knopf,Hardcover,303,2021,2021,2025/08/12,2025/08/09,,,read,,,,1,0
49934534,4321,Paul Auster,"Auster, Paul",Albert Nolla Cabellos,"=""8417420282""","=""9788417420284""",0,3.97,labutxaca,Paperback,896,2019,2017,,2025/07/17,currently-reading,currently-reading (#16),currently-reading,,,,1,0
88514,Platform,Michel Houellebecq,"Houellebecq, Michel",Frank Wynne,"=""1400030269""","=""9781400030262""",0,3.81,Vintage,Paperback,259,2004,2001,,2023/01/27,,,read,,,,1,0
222531211,A Different Kind of Power,Jacinda Ardern,"Ardern, Jacinda",,"=""0593728696""","=""9780593728697""",0,4.46,Crown,Hardcover,352,2025,2025,,2025/06/18,to-read,to-read (#145),to-read,,,,0,0
12468,The Executioner's Song,Norman Mailer,"Mailer, Norman",,"=""0375700811""","=""9780375700811""",0,4.05,Vintage,Paperback,1056,1998,1979,,2025/06/14,to-read,to-read (#144),to-read,,,,0,0
145624737,Not the End of the World: How We Can Be the First Generation to Build a Sustainable Planet,Hannah Ritchie,"Ritchie, Hannah",,"=""031653675X""","=""9780316536752""",0,4.23,"Little, Brown Spark",Hardcover,352,2024,2024,,2025/06/10,to-read,to-read (#143),to-read,,,,0,0
52256905,Kapital und Ideologie,Thomas Piketty,"Piketty, Thomas","André Hansen, Enrico Heinemann, Stefan Lorenzer, Ursel Schäfer, Nastasja S. Dresler","=""3406745717""","=""9783406745713""",0,4.28,C.H. Beck,Hardcover,1312,2020,2019,,2025/06/10,to-read,to-read (#142),to-read,,,,0,0
44064568,Reimagining Capitalism in a World on Fire,Rebecca Henderson,"Henderson, Rebecca",,"=""1541730151""","=""9781541730151""",0,3.75,PublicAffairs,Hardcover,336,2020,2020,,2025/06/10,to-read,to-read (#141),to-read,,,,0,0
55430236,Revolution für das Leben. Philosophie der neuen Protestformen,Eva von Redecker,"Redecker, Eva von",,"=""""","=""""",0,4.09,"FISCHER, S.",Kindle Edition,304,2020,,,2025/06/10,to-read,to-read (#140),to-read,,,,0,0
60881061,Braunes Erbe: Die dunkle Geschichte der reichsten deutschen Unternehmerdynastien,David de Jong,"Jong, David de","Jörn Pinnow, Michael Schickenberg","=""""","=""""",0,4.22,Kiepenheuer & Witsch,Hardcover,496,2022,2022,,2025/06/10,to-read,to-read (#139),to-read,,,,0,0
29981,The Island of Dr. Moreau,H.G. Wells,"Wells, H.G.",Alan Lightman,"=""0553214322""","=""9780553214321""",0,3.73,Bantam Classic & Loveswept,Unknown Binding,160,1999,1896,,2025/06/06,to-read,to-read (#138),to-read,,,,0,0
17184,The Invisible Man,H.G. Wells,"Wells, H.G.",Scott Westerfeld,"=""0451528522""","=""9780451528520""",0,3.63,New American Library/Penguin Books,Mass Market Paperback,192,2002,1897,,2025/06/06,to-read,to-read (#137),to-read,,,,0,0
2493,The Time Machine,H.G. Wells,"Wells, H.G.","Greg Bear, Carlo Pagetti","=""""","=""""",0,3.89,Signet Classics,Paperback,118,2002,1895,,2025/06/06,to-read,to-read (#136),to-read,,,,0,0
8909,The War of the Worlds,H.G. Wells,"Wells, H.G.",Arthur C. Clarke,"=""0375759239""","=""9780375759239""",0,3.83,Random House Publishing Group,Paperback,192,2002,1898,,2025/06/06,to-read,to-read (#135),to-read,,,,0,0
56074236,What If We Stopped Pretending?,Jonathan Franzen,"Franzen, Jonathan",,"=""0008434042""","=""9780008434045""",0,3.48,Harper Collins Publishers,Hardcover,70,2021,2019,2025/06/05,2025/06/05,,,read,,,,3,0
216429016,The World After Gaza,Pankaj Mishra,"Mishra, Pankaj",,"=""152995018X""","=""9781529950182""",0,4.08,Vintage Digital,Kindle Edition,293,2025,2025,,2025/06/01,to-read,to-read (#134),to-read,,,,0,0
4543693,Becks letzter Sommer,Benedict Wells,"Wells, Benedict",,"=""3257066767""","=""9783257066760""",4,3.71,Diogenes,Hardcover,464,2008,2008,2025/05/26,2025/05/26,,,read,,,,2,0
30631883,Petit pays,Gaël Faye,"Faye, Gaël",,"=""2246857333""","=""9782246857334""",5,4.26,Grasset,Paperback,224,2016,2016,2025/05/15,2022/09/01,,,read,,,,2,0
55886863,Hard Land,Benedict Wells,"Wells, Benedict",,"=""3257071485""","=""9783257071481""",4,4.28,Diogenes,Hardcover,345,2021,2021,2025/05/14,2025/05/14,,,read,,,,2,0
13346578,Imperium,Christian Kracht,"Kracht, Christian",,"=""3462041312""","=""9783462041316""",4,3.70,KiWi,Hardcover,242,2012,2012,2025/04/30,2025/03/10,,,read,,,,3,0
55834180,Eurotrash,Christian Kracht,"Kracht, Christian",,"=""3462050834""","=""9783462050837""",4,3.52,Kiepenheuer & Witsch,Hardcover,209,2021,2021,2025/04/17,2025/03/10,,,read,,,,2,0
2234101,Die Liebe und ihr Henker,Irvin D. Yalom,"Yalom, Irvin D.",,"=""3442723787""","=""9783442723782""",0,4.25,Btb Bei Goldmann,Paperback,0,1999,1989,,2025/04/05,to-read,to-read (#133),to-read,,,,0,0
360470,Das Urteil und andere Erzählungen,Franz Kafka,"Kafka, Franz",,"=""3596200199""","=""9783596200191""",4,3.84,Fischer,Paperback,137,1989,1912,2008/01/01,2017/01/13,,,read,,,,1,0
146429,Dreamtigers,Jorge Luis Borges,"Borges, Jorge Luis","Antonio Frasconi, Mildred Boyer, Harold Morland, Miguel Engui­danos","=""0292715498""","=""9780292715493""",0,4.17,University of Texas Press,Paperback,96,1964,1960,,2025/03/11,to-read,to-read (#132),to-read,,,,0,0
21795321,El Aleph: cuento,Jorge Luis Borges,"Borges, Jorge Luis",,"=""""","=""""",0,4.28,,ebook,16,,1945,,2025/03/11,to-read,to-read (#131),to-read,,,,0,0
16568,The Book of Imaginary Beings,Jorge Luis Borges,"Borges, Jorge Luis","Andrew Hurley, Peter Sís","=""0143039938""","=""9780143039938""",0,4.05,Penguin Classics,Paperback,236,2006,1957,,2025/03/11,to-read,to-read (#130),to-read,,,,0,0
172366,The Library of Babel,Jorge Luis Borges,"Borges, Jorge Luis","Erik Desmazieres, Andrew Hurley, Angela Giral","=""156792123X""","=""9781567921236""",0,4.30,David R Godine Pub,Hardcover,36,2000,1941,,2025/03/11,to-read,to-read (#129),to-read,,,,0,0
5787,The Aleph and Other Stories,Jorge Luis Borges,"Borges, Jorge Luis",Andrew Hurley,"=""0142437883""","=""9780142437889""",0,4.32,Penguin Classics,Paperback,210,2004,1945,,2025/03/11,to-read,to-read (#128),to-read,,,,0,0
426504,Ficciones,Jorge Luis Borges,"Borges, Jorge Luis","Anthony Kerrigan, Anthony Bonner","=""0802130305""","=""9780802130303""",0,4.40,Grove Press,Paperback,174,1994,1944,,2025/03/11,to-read,to-read (#127),to-read,,,,0,0
217380,1979,Christian Kracht,"Kracht, Christian",,"=""3423130784""","=""9783423130783""",0,3.87,Deutscher Taschenbuch Verlag,Paperback,183,2003,2001,,2025/03/10,to-read,to-read (#126),to-read,,,,0,0
912517,Estates: An Intimate History,Lynsey Hanley,"Hanley, Lynsey",,"=""1862079099""","=""9781862079090""",4,3.83,Granta UK,Paperback,256,2007,2007,2025/03/05,2025/02/27,,,read,,,,1,0
147327262,"Ethiopia’s ‘Developmental State’: Political Order and Distributive Crisis (African Studies, Series Number 168)",Tom Lavers,"Lavers, Tom",,"=""1009428292""","=""9781009428293""",5,4.67,Cambridge University Press,Hardcover,376,2023,,2025/02/27,2025/02/03,,,read,,,,1,0
3591262,Cutting for Stone,Abraham   Verghese,"Verghese, Abraham",,"=""0375414495""","=""9780375414497""",5,4.33,Alfred A. Knopf,Hardcover,560,2009,2009,2025/02/09,2023/11/14,,,read,,,,1,0
34454589,The Handmaid's Tale,Margaret Atwood,"Atwood, Margaret",,"=""1328879941""","=""9781328879943""",0,4.15,Houghton Mifflin Harcourt,Hardcover,320,2017,1985,,2025/01/18,to-read,to-read (#125),to-read,,,,0,0
2986041,Tipps für die Wildnis,Margaret Atwood,"Atwood, Margaret",Charlotte Franke,"=""3442760984""","=""9783442760985""",0,3.82,Berliner Taschenbuchverlag,Paperback,297,2003,1991,,2025/01/18,to-read,to-read (#124),to-read,,,,0,0
7114040,Murmeljagd,Ulrich Becher,"Becher, Ulrich",,"=""3895614521""","=""9783895614521""",0,4.00,Schöffling,Hardcover,704,2009,1969,,2025/01/18,to-read,to-read (#123),to-read,,,,0,0
2297884,The Waterfalls of Slunj,Heimito von Doderer,"Doderer, Heimito von",,"=""0941419118""","=""9780941419116""",0,4.00,Eridanos Press,Paperback,406,1987,1963,,2025/01/18,to-read,to-read (#122),to-read,,,,0,0
48328,Revolutionary Road,Richard Yates,"Yates, Richard",,"=""""","=""""",0,3.93,Methuen,Paperback,355,2001,1961,,2025/01/18,to-read,to-read (#121),to-read,,,,0,0
80176,"Winesburg, Ohio",Sherwood Anderson,"Anderson, Sherwood",Ted Olson,"=""0192839772""","=""9780192839770""",0,3.84,Oxford University Press,Paperback,240,1999,1919,,2025/01/18,to-read,to-read (#120),to-read,,,,0,0
158856,Black Box,Amos Oz,"Oz, Amos",,"=""0679721851""","=""9780679721857""",0,3.90,Vintage,Paperback,259,1989,1986,,2025/01/18,to-read,to-read (#119),to-read,,,,0,0
27574,A Tale of Love and Darkness,Amos Oz,"Oz, Amos",,"=""015603252X""","=""9780156032520""",0,4.23,Harvest / Harcourt,Paperback,560,2005,2002,,2025/01/18,to-read,to-read (#118),to-read,,,,0,0
1384429,Vienna,Eva Menasse,"Menasse, Eva",,"=""3462034650""","=""9783462034653""",0,3.64,Kiepenheuer & Witsch,Hardcover,427,2005,2005,,2025/01/11,to-read,to-read (#117),to-read,,,,0,0
1051778,Der Zauberberg,Thomas Mann,"Mann, Thomas",,"=""3103481284""","=""9783103481280""",0,4.13,S. Fischer,Hardcover,1003,2004,1924,,2025/01/09,to-read,to-read (#116),to-read,,,,0,0
28459915,The Argonauts,Maggie Nelson,"Nelson, Maggie",,"=""0993414915""","=""9780993414916""",0,4.01,Melville House UK,Paperback,181,2016,2015,,2025/01/09,to-read,to-read (#115),to-read,,,,0,0
58643185,Dunkelblum,Eva Menasse,"Menasse, Eva",,"=""""","=""9783462047905""",0,3.83,Kiepenheuer&Witsch,Hardcover,528,2021,2021,,2025/01/09,to-read,to-read (#114),to-read,,,,0,0
127282281,All Things Are Too Small: Essays in Praise of Excess,Becca Rothfeld,"Rothfeld, Becca",,"=""1250849918""","=""9781250849915""",0,3.55,Metropolitan Books,Hardcover,285,2024,2024,,2025/01/05,to-read,to-read (#113),to-read,,,,0,0
16241160,Capital,John Lanchester,"Lanchester, John",,"=""0393345092""","=""9780393345094""",0,3.71,W. W. Norton & Company,Paperback,528,2013,2012,,2025/01/04,to-read,to-read (#112),to-read,,,,0,0
199126293,Caledonian Road,Andrew O'Hagan,"O'Hagan, Andrew",,"=""1324074876""","=""9781324074878""",0,3.78,W. W. Norton & Company,Hardcover,614,2024,2024,,2025/01/04,to-read,to-read (#111),to-read,,,,0,0
183932735,"Autocracy, Inc.",Anne Applebaum,"Applebaum, Anne",,"=""0241627893""","=""9780241627891""",0,4.18,Allen Lane,Hardcover,224,2024,2024,,2025/01/02,to-read,to-read (#110),to-read,,,,0,0
30212628,What Is Populism?,Jan-Werner Müller,"Müller, Jan-Werner",,"=""0812248988""","=""9780812248982""",0,3.82,University of Pennsylvania Press,Hardcover,136,2016,2014,,2025/01/02,to-read,to-read (#109),to-read,,,,0,0
35895959,Populismus für Anfänger: Anleitung zur Volksverführung (German Edition),Walter Ötsch,"Ötsch, Walter",Nina Horaczek,"=""3864891965""","=""""",0,3.70,Westend,Kindle Edition,256,2017,,,2025/01/02,to-read,to-read (#108),to-read,,,,0,0
3805,The Corrections,Jonathan Franzen,"Franzen, Jonathan",,"=""1841156736""","=""9781841156736""",4,3.85,Fourth Estate Paperbacks,Paperback,653,2002,2001,2024/12/19,2023/09/08,,,read,,,,1,0
41071389,The Eighth Life,Nino Haratischwili,"Haratischwili, Nino","Charlotte Collins, Ruth   Martin, Nino Haratischvili","=""191161746X""","=""9781911617464""",0,4.54,Scribe UK,Hardcover,944,2019,2014,,2024/12/17,to-read,to-read (#107),to-read,,,,0,0
78819826,Capital Claims: Power and Global Finance (RIPE Series in Global Political Economy),Benjamin Braun,"Braun, Benjamin",Kai Koddenbrock,"=""1000801993""","=""9781000801996""",0,0.0,Routledge,Kindle Edition,282,2022,,,2024/12/07,to-read,to-read (#106),to-read,,,,0,0
8228725,Retour à Reims,Didier Eribon,"Eribon, Didier",,"=""2213638349""","=""9782213638348""",0,4.25,FAYARD,Paperback,248,2009,2009,,2024/11/21,to-read,to-read (#105),to-read,,,,0,0
57799745,"The Morning Star (Morgenstjernen, #1)",Karl Ove Knausgård,"Knausgård, Karl Ove","Karl Ove Knausgaard, Martin Aitken","=""0399563423""","=""9780399563423""",0,3.96,Penguin Press,Hardcover,666,2021,2020,,2024/11/21,to-read,to-read (#104),to-read,,,,0,0
61672,Bonjour tristesse,Françoise Sagan,"Sagan, Françoise",,"=""2266127748""","=""9782266127745""",0,3.74,Pocket,Mass Market Paperback,154,2002,1954,,2024/10/18,currently-reading,currently-reading (#15),currently-reading,,,,1,0
399136,Imagined Communities: Reflections on the Origin and Spread of Nationalism,Benedict Anderson,"Anderson, Benedict",,"=""0860915468""","=""9780860915461""",0,4.11,Verso/New Left Books Ltd.,Paperback,224,1991,1983,,2024/10/15,to-read,to-read (#103),to-read,,,,0,0
38787,Pedro Páramo,Juan Rulfo,"Rulfo, Juan","Susan Sontag, Margaret Sayers Peden","=""0802133908""","=""9780802133908""",4,4.05,Grove Press,Paperback,128,1994,1955,2024/10/13,2024/10/12,,,read,,,,3,0
1542461,The Strategy Of Economic Development,Albert O. Hirschman,"Hirschman, Albert O.",,"=""0813374197""","=""9780813374192""",0,4.12,Westview Press,Paperback,,1988,1958,,2024/09/24,to-read,to-read (#102),to-read,,,,0,0
43885149,Dominion: How the Christian Revolution Remade the World,Tom Holland,"Holland, Tom",,"=""0465093507""","=""9780465093502""",0,4.26,Basic Books,Hardcover,624,2019,2019,,2024/09/09,to-read,to-read (#101),to-read,,,,0,0
393199,Down and Out in Paris and London,George Orwell,"Orwell, George",,"=""015626224X""","=""9780156262248""",4,4.09,Mariner Books,Paperback,213,1972,1933,2024/08/30,2024/08/30,,,read,,,,1,0
666215,How to Be Alone,Jonathan Franzen,"Franzen, Jonathan",,"=""0312422164""","=""9780312422165""",0,3.58,Picador,Paperback,306,2003,2002,,2024/08/30,to-read,to-read (#100),to-read,,,,0,0
54479,Around the World in Eighty Days,Jules Verne,"Verne, Jules","Brian W. Aldiss, Michael Glencross","=""014044906X""","=""9780140449068""",0,3.95,Penguin Books ,Paperback,252,2004,1872,,2022/08/13,to-read,to-read (#50),to-read,,,,0,0
34875448,My Cat Yugoslavia,Pajtim Statovci,"Statovci, Pajtim",David Hackston,"=""1101871830""","=""9781101871836""",4,3.74,Knopf Doubleday Publishing Group,Kindle Edition,272,2017,2014,2024/08/22,2024/08/12,,,read,,,,1,0
57943804,Free and Equal: What Would a Fair Society Look Like?,Daniel   Chandler,"Chandler, Daniel",,"=""0241428386""","=""9780241428382""",0,3.95,Allen Lane,Hardcover,416,2023,,,2023/06/20,to-read,to-read (#80),to-read,,,,0,0
11415678,"The Global Minotaur: America, the True Origins of the Financial Crisis and the Future of the World Economy",Yanis Varoufakis,"Varoufakis, Yanis",,"=""1780320140""","=""9781780320144""",0,4.17,Zed Books,Paperback,252,2011,2011,,2024/03/23,to-read,to-read (#99),to-read,,,,0,0
75560036,Technofeudalism: What Killed Capitalism,Yanis Varoufakis,"Varoufakis, Yanis",,"=""""","=""""",0,4.02,Vintage Publishing,Hardcover,224,2023,2023,,2024/03/23,to-read,to-read (#98),to-read,,,,0,0
24886497,And the Weak Suffer What They Must?  Europe's Crisis and America's Economic Future,Yanis Varoufakis,"Varoufakis, Yanis",,"=""1568585047""","=""9781568585048""",0,4.10,Bold Type Books,Hardcover,368,2016,2016,,2024/03/23,currently-reading,currently-reading (#14),currently-reading,,,,1,0
56347680,The Right to Sex: Feminism in the Twenty-First Century,Amia Srinivasan,"Srinivasan, Amia",,"=""0374721033""","=""9780374721039""",0,4.24,"Farrar, Straus and Giroux",Kindle Edition,241,2021,2021,,2024/03/23,currently-reading,currently-reading (#13),currently-reading,,,,1,0
31734,Clandestine in Chile: The Adventures of Miguel Littín,Gabriel García Márquez,"Márquez, Gabriel García",Asa Zatz,"=""0805003223""","=""9780805003222""",4,3.88,Henry Holt,Hardcover,116,1987,1986,2024/01/26,2024/01/17,,,read,,,,1,0
75436685,Our Lives in Their Portfolios: Why Asset Managers Own the World,Brett Christophers,"Christophers, Brett",,"=""1839769017""","=""9781839769016""",0,4.01,Verso,Kindle Edition,389,2023,,,2024/01/02,currently-reading,currently-reading (#12),currently-reading,,,,1,0
16126866,"Ich weiß, ich war's",Christoph Schlingensief,"Schlingensief, Christoph",Aino Laberenz,"=""3462042424""","=""9783462042429""",4,4.26,Kiepenheuer & Witsch,Hardcover,286,2012,2012,2023/12/30,2023/12/24,,,read,,,,1,0
6459315,So schön wie hier kanns im Himmel gar nicht sein!: Tagebuch einer Krebserkrankung,Christoph Schlingensief,"Schlingensief, Christoph",,"=""3462041118""","=""9783462041118""",0,3.82,Kiepenheuer & Witsch,Hardcover,254,2009,2009,,2023/12/24,to-read,to-read (#97),to-read,,,,0,0
40630,How Europe Underdeveloped Africa,Walter Rodney,"Rodney, Walter",Vincent Harding,"=""0882580965""","=""9780882580968""",5,4.42,Howard Univ Pr,Paperback,312,1981,1971,2023/12/24,2023/09/14,,,read,,,,1,0
44582885,Tiefrot und radikal bunt: Für eine neue linke Erzählung,Julia Fritzsche,"Fritzsche, Julia",,"=""3960541937""","=""9783960541936""",4,3.95,Edition Nautilus,Kindle Edition,220,2019,,,2023/12/17,,,read,,,,1,0
27161156,Hillbilly Elegy: A Memoir of a Family and Culture in Crisis,J.D. Vance,"Vance, J.D.",,"=""""","=""""",4,3.84,Harper,Hardcover,264,2016,2016,2023/12/01,2022/04/14,,,read,,,,1,0
180357146,The Covenant of Water,Abraham   Verghese,"Verghese, Abraham",,"=""0802162177""","=""9780802162175""",0,4.41,Grove Press,Paperback,715,2025,2023,,2023/11/14,to-read,to-read (#96),to-read,,,,0,0
384786,The Power of the Powerless,Václav Havel,"Havel, Václav",John Keane,"=""0873327616""","=""9780873327619""",0,4.21,Routledge,Paperback,228,1985,1978,,2023/10/16,to-read,to-read (#95),to-read,,,,0,0
31450517,Freedom as a Service,Evgeny Morozov,"Morozov, Evgeny",,"=""0374280282""","=""9780374280284""",0,4.67,"Farrar, Straus and Giroux",Hardcover,384,2027,,,2023/10/09,to-read,to-read (#94),to-read,,,,0,0
48760525,A Cidade Inteligente: Tecnologias urbanas e Democracia,Evgeny Morozov,"Morozov, Evgeny",Francesca Bria,"=""857126046X""","=""9788571260467""",0,3.95,Ubu Editora,Paperback,192,2019,2019,,2023/10/09,to-read,to-read (#93),to-read,,,,0,0
13587160,"To Save Everything, Click Here: The Folly of Technological Solutionism",Evgeny Morozov,"Morozov, Evgeny",,"=""1610391381""","=""9781610391382""",0,3.67,PublicAffairs,Hardcover,415,2013,2013,,2023/10/09,to-read,to-read (#92),to-read,,,,0,0
329861,The European Economy since 1945: Coordinated Capitalism and Beyond,Barry Eichengreen,"Eichengreen, Barry",,"=""0691127107""","=""9780691127101""",0,3.94,Princeton University Press,Hardcover,520,2006,2006,,2023/10/05,currently-reading,currently-reading (#11),currently-reading,,,,1,0
44326335,"Capitalism, Alone: The Future of the System That Rules the World",Branko Milanović,"Milanović, Branko",,"=""0674987594""","=""9780674987593""",0,4.11,Belknap Press: An Imprint of Harvard University Press,Hardcover,304,2019,2019,,2023/09/04,to-read,to-read (#91),to-read,,,,0,0
32707166,Rigged: How Globalization and the Rules of the Modern Economy Were Structured to Make the Rich Richer,Dean    Baker,"Baker, Dean",,"=""0692793364""","=""9780692793367""",0,3.82,Center for Economic and Policy Research,Paperback,258,2016,,,2023/09/04,to-read,to-read (#90),to-read,,,,0,0
41795381,"Economics in Two Lessons: Why Markets Work So Well, and Why They Can Fail So Badly",John Quiggin,"Quiggin, John",,"=""0691154945""","=""9780691154947""",0,3.73,Princeton University Press,Hardcover,408,2019,,,2023/09/04,to-read,to-read (#89),to-read,,,,0,0
56751616,Making Social Spending Work,Peter H. Lindert,"Lindert, Peter H.",,"=""1108478166""","=""9781108478168""",0,4.10,Cambridge University Press,Hardcover,434,2021,,,2023/09/04,to-read,to-read (#88),to-read,,,,0,0
301829,Lust,Elfriede Jelinek,"Jelinek, Elfriede",Michael Hulse,"=""1852421835""","=""9781852421830""",0,3.31,Serpent's Tail,Paperback,207,2004,1989,,2023/08/30,to-read,to-read (#87),to-read,,,,0,0
219879,The Piano Teacher,Elfriede Jelinek,"Jelinek, Elfriede",Joachim Neugroschel,"=""0802118062""","=""9780802118066""",0,3.62,Grove Press,Hardcover,288,2004,1983,,2023/08/30,to-read,to-read (#86),to-read,,,,0,0
13562049,Sweet Tooth,Ian McEwan,"McEwan, Ian",,"=""""","=""""",4,3.44,Jonathan Cape,Hardcover,320,2012,2012,2023/08/19,2023/08/12,,,read,,,,1,0
49863142,Deutschland rechts außen: Wie die Rechten nach der Macht greifen und wie wir sie stoppen können,Matthias Quent,"Quent, Matthias",,"=""3492061702""","=""9783492061704""",0,4.27,Piper,Paperback,304,2019,2019,,2023/08/14,to-read,to-read (#85),to-read,,,,0,0
56847455,Central Banking 101,Joseph J. Wang,"Wang, Joseph J.",,"=""0999136747""","=""9780999136744""",0,4.39,Joseph,Paperback,225,2021,,,2023/08/01,to-read,to-read (#84),to-read,,,,0,0
22586997,"The Deluge: The Great War, America and the Remaking of the Global Order, 1916-1931",Adam Tooze,"Tooze, Adam",,"=""""","=""""",0,4.21,Viking,Kindle Edition,672,2014,2014,,2023/08/01,to-read,to-read (#83),to-read,,,,0,0
38213092,How Democracies Die,Daniel Ziblatt,"Ziblatt, Daniel",,"=""024133649X""","=""9780241336496""",0,4.16,VIKIN,Paperback,312,2017,2018,,2023/07/28,to-read,to-read (#82),to-read,,,,0,0
52009042,Trade Wars Are Class Wars: How Rising Inequality Distorts the Global Economy and Threatens International Peace,Matthew C. Klein,"Klein, Matthew C.",Michael Pettis,"=""0300244177""","=""9780300244175""",4,4.12,Yale University Press,Hardcover,288,2020,2020,2023/07/25,2023/07/09,,,read,,,,1,0
145625252,The Years,Annie Ernaux,"Ernaux, Annie",Alison L. Strayer,"=""1609807871""","=""9781609807870""",0,4.16,Seven Stories Press,Paperback,240,2023,2008,,2023/07/24,to-read,to-read (#81),to-read,,,,0,0
320,One Hundred Years of Solitude,Gabriel García Márquez,"Márquez, Gabriel García",Gregory Rabassa,"=""""","=""""",0,4.12,Harper,Mass Market Paperback,417,2003,1967,,2021/08/10,currently-reading,currently-reading (#10),currently-reading,,,,1,0
29658,Postwar: A History of Europe Since 1945,Tony Judt,"Judt, Tony",,"=""0143037757""","=""9780143037750""",0,4.38,Penguin Books,Paperback,933,2006,2005,,2023/05/30,to-read,to-read (#79),to-read,,,,0,0
23426,On Love,Alain de Botton,"Botton, Alain de",,"=""0802142400""","=""9780802142405""",5,3.96,Grove Press,Paperback,194,2006,1993,2023/05/30,2023/05/16,,,read,,,,1,0
28407,Germinal,Émile Zola,"Zola, Émile",Roger Pearson,"=""0140447423""","=""9780140447422""",0,4.21,Penguin Classics,Paperback,592,2004,1885,,2023/05/23,to-read,to-read (#78),to-read,,,,0,0
2429135,"The Girl With the Dragon Tattoo (Millennium, #1)",Stieg Larsson,"Larsson, Stieg",Reg Keeland,"=""0670069019""","=""9780670069019""",0,4.18,Viking Canada,Hardcover,480,2008,2005,,2023/05/14,to-read,to-read (#77),to-read,,,,0,0
34051011,Pachinko,Min Jin Lee,"Lee, Min Jin",,"=""""","=""""",5,4.34,Grand Central Publishing,Kindle Edition,496,2017,2017,2023/05/14,2023/03/30,,,read,,,,1,0
26269718,The Politics of African Industrial Policy: A Comparative Perspective,Lindsay Whitfield,"Whitfield, Lindsay","Ole Therkildsen, Lars Buur, Anne Mette Kjær","=""1107105315""","=""9781107105317""",0,4.00,Cambridge University Press,Hardcover,356,2015,2015,,2023/05/09,currently-reading,currently-reading (#9),currently-reading,,,,1,0
27399175,Industrial Policy and Economic Transformation in Africa,Akbar Noman,"Noman, Akbar",Joseph E. Stiglitz,"=""""","=""""",4,3.67,Columbia University Press,Kindle Edition,330,2015,2015,2023/05/07,2023/05/03,,,read,,,,1,0
550840,"The Age of Revolution, 1789–1848",Eric J. Hobsbawm,"Hobsbawm, Eric J.",,"=""0679772537""","=""9780679772538""",0,4.23,Vintage,Paperback,356,1996,1962,,2023/05/04,currently-reading,currently-reading (#8),currently-reading,,,,1,0
56587382,The Island of Missing Trees,Elif Shafak,"Shafak, Elif",,"=""0241434998""","=""9780241434994""",0,4.15,VIKIN,Hardcover,354,2021,2021,,2023/05/03,to-read,to-read (#76),to-read,,,,0,0
22822858,A Little Life,Hanya Yanagihara,"Yanagihara, Hanya",,"=""0385539258""","=""9780385539258""",0,4.28,Doubleday,Hardcover,720,2015,2015,,2023/05/03,to-read,to-read (#75),to-read,,,,0,0
19089,Middlemarch,George Eliot,"Eliot, George",Michel Faber,"=""0451529170""","=""9780451529176""",0,4.04,Signet,Mass Market Paperback,912,2003,1872,,2023/05/03,to-read,to-read (#74),to-read,,,,0,0
308060,"The Age of Extremes, 1914-1991",Eric J. Hobsbawm,"Hobsbawm, Eric J.",,"=""0679730052""","=""9780679730057""",5,4.29,Vintage Books,Paperback,627,1996,1994,2023/05/03,2023/03/08,,,read,,,,1,0
625094,The Leopard,Giuseppe Tomasi di Lampedusa,"Lampedusa, Giuseppe Tomasi di",Archibald Colquhoun,"=""0679731210""","=""9780679731214""",0,4.01,Pantheon,Paperback,319,1991,1958,,2023/04/26,to-read,to-read (#73),to-read,,,,0,0
12117,"One, No One, and One Hundred Thousand",Luigi Pirandello,"Pirandello, Luigi",William Weaver,"=""0941419746""","=""9780941419741""",0,4.03,Marsilio Publishers,Paperback,174,1992,1925,,2023/04/16,to-read,to-read (#72),to-read,,,,0,0
9811,Difficult Loves,Italo Calvino,"Calvino, Italo","William Weaver, Peggy Wright, Archibald Colquhoun","=""0156260557""","=""9780156260558""",0,3.90,Mariner Books,Paperback,300,1985,1958,,2023/04/16,to-read,to-read (#71),to-read,,,,0,0
374233,If on a Winter's Night a Traveler,Italo Calvino,"Calvino, Italo",William Weaver,"=""""","=""""",0,4.01,L&OD Key Porter,Paperback,260,1982,1979,,2023/04/16,to-read,to-read (#70),to-read,,,,0,0
9809,Invisible Cities,Italo Calvino,"Calvino, Italo",William Weaver,"=""0156453800""","=""9780156453806""",0,4.10,Harcourt,Paperback,165,1974,1972,,2023/04/16,to-read,to-read (#69),to-read,,,,0,0
43945,Portnoy’s Complaint,Philip Roth,"Roth, Philip",,"=""""","=""""",0,3.70,Vintage,Paperback,274,1995,1969,,2023/04/16,to-read,to-read (#68),to-read,,,,0,0
55881796,Crossroads,Jonathan Franzen,"Franzen, Jonathan",,"=""0374181179""","=""9780374181178""",4,4.06,"Farrar, Straus and Giroux",Hardcover,592,2021,2021,2023/04/10,2022/06/04,,,read,,,,1,0
470448,Putting Development First: The Importance of Policy Space in the WTO and International Financial Institutions,Kevin P. Gallagher,"Gallagher, Kevin P.",,"=""1842776355""","=""9781842776353""",4,4.20,Zed Books,Paperback,320,2005,2005,2023/03/08,2023/01/16,,,read,,,,1,0
555926,The New Penguin History of The World,J.M. Roberts,"Roberts, J.M.",,"=""0141007230""","=""9780141007236""",0,4.08,Penguin Books,Paperback,1232,2004,1976,,2023/03/04,currently-reading,currently-reading (#7),currently-reading,,,,1,0
35570812,The Only Story,Julian Barnes,"Barnes, Julian",,"=""1473554799""","=""9781473554795""",3,3.60,Vintage Digital,ebook,272,2018,2018,2023/02/20,2023/01/29,,,read,,,,1,0
62791501,'Along the color line': Eine Reise durch Deutschland 1936,W.E.B. Du Bois,"Bois, W.E.B. Du","Oliver Lubrich, Johanna von Koppenfels","=""3406791549""","=""9783406791543""",0,4.15,C.H.Beck,Hardcover,168,2022,,,2023/01/31,to-read,to-read (#67),to-read,,,,0,0
61242808,Gekränkte Freiheit: Aspekte des libertären Autoritarismus,Carolin Amlinger,"Amlinger, Carolin",Oliver Nachtwey,"=""3518430718""","=""9783518430712""",0,4.08,Suhrkamp,Hardcover,480,2022,,,2023/01/29,to-read,to-read (#66),to-read,,,,0,0
14700203,Marktsozialdemokratie: Die Transformation von SPD und Labour Party (Göttinger Studien zur Parteienforschung) (German Edition),Oliver Nachtwey,"Nachtwey, Oliver",,"=""3531168053""","=""9783531168050""",0,0.0,VS Verlag für Sozialwissenschaften,Paperback,335,2009,2009,,2023/01/29,to-read,to-read (#65),to-read,,,,0,0
23768218,Die Abstiegsgesellschaft: Über das Aufbegehren in der regressiven Moderne,Oliver Nachtwey,"Nachtwey, Oliver",,"=""3518126822""","=""9783518126820""",0,4.04,Suhrkamp Verlag,Paperback,266,2015,2015,,2023/01/29,to-read,to-read (#64),to-read,,,,0,0
75400,Slow Man,J.M. Coetzee,"Coetzee, J.M.",,"=""0099490625""","=""9780099490623""",3,3.45,Vintage Books,Paperback,265,2006,2005,2023/01/29,2023/01/04,,,read,,,,1,0
6759,Infinite Jest,David Foster Wallace,"Wallace, David Foster",,"=""""","=""""",0,4.25,Back Bay Books,Paperback,1088,2005,1996,,2023/01/28,to-read,to-read (#63),to-read,,,,0,0
11650,American Pastoral,Philip Roth,"Roth, Philip",,"=""""","=""""",0,3.95,Vintage,Paperback,432,1998,1997,,2023/01/27,to-read,to-read (#62),to-read,,,,0,0
703,The Plot Against America,Philip Roth,"Roth, Philip",,"=""1400079497""","=""9781400079490""",0,3.82,Vintage International,Paperback,391,2005,2004,,2023/01/27,to-read,to-read (#61),to-read,,,,0,0
23273509,Leben mit dem Stern,Jiří Weil,"Weil, Jiří",,"=""""","=""""",0,4.12,,Paperback,392,,1949,,2023/01/27,to-read,to-read (#60),to-read,,,,0,0
38330854,The Perfect Nanny,Leïla Slimani,"Slimani, Leïla",Sam Taylor,"=""""","=""""",0,3.40,Penguin Books,Paperback,228,2018,2016,,2023/01/27,to-read,to-read (#59),to-read,,,,0,0
55850508,"In the Country of Others (In the country of others, #1)",Leïla Slimani,"Slimani, Leïla",Sam Taylor,"=""014313597X""","=""9780143135975""",0,3.78,Penguin Books,Hardcover,305,2021,2020,,2023/01/27,to-read,to-read (#58),to-read,,,,0,0
23120225,The Establishment: And How They Get Away with It,Owen   Jones,"Jones, Owen",,"=""1846147190""","=""9781846147197""",4,4.10,Allen Lane,Hardcover,358,2014,2014,2023/01/16,2023/01/04,,,read,,,,1,0
775985,The Black Jacobins: Toussaint L'Ouverture and the San Domingo Revolution,C.L.R. James,"James, C.L.R.",,"=""0679724672""","=""9780679724674""",0,4.39,Vintage,Paperback,428,1989,1938,,2023/01/15,to-read,to-read (#57),to-read,,,,0,0
200142,Black Marxism: The Making of the Black Radical Tradition,Cedric J. Robinson,"Robinson, Cedric J.",,"=""0807848298""","=""9780807848296""",0,4.38,The University of North Carolina Press,Paperback,480,2000,1983,,2023/01/15,to-read,to-read (#56),to-read,,,,0,0
16981,Invisible Man,Ralph Ellison,"Ellison, Ralph",,"=""""","=""""",0,3.92,Vintage,Paperback,581,1995,1952,,2023/01/15,to-read,to-read (#55),to-read,,,,0,0
18579571,Seventeen Contradictions and the End of Capitalism,David Harvey,"Harvey, David",,"=""019936026X""","=""9780199360260""",0,4.07,Oxford University Press,Hardcover,352,2014,2014,,2023/01/11,currently-reading,currently-reading (#6),currently-reading,,,,1,0
51478027,This Land: The Struggle for the Left,Owen   Jones,"Jones, Owen",,"=""""","=""""",0,3.95,Penguin,Kindle Edition,350,2020,2020,,2023/01/04,to-read,to-read (#54),to-read,,,,0,0
399264,La place,Annie Ernaux,"Ernaux, Annie",,"=""2070377229""","=""9782070377220""",0,3.87,Gallimard,Mass Market Paperback,114,2007,1983,,2023/01/04,to-read,to-read (#53),to-read,,,,0,0
58993078,Chums: How A Tiny Caste of Oxford Tories Took Over The UK,Simon Kuper,"Kuper, Simon",,"=""1788167384""","=""9781788167383""",0,3.95,IPS - Profile Books,Hardcover,240,2022,2022,,2023/01/04,to-read,to-read (#52),to-read,,,,0,0
33621427,Home Fire,Kamila Shamsie,"Shamsie, Kamila",,"=""0735217688""","=""9780735217683""",4,4.01,Riverhead Books,Hardcover,276,2017,2017,2022/12/27,2022/12/05,,,read,,,,1,0
34928269,Capitalism without Capital: The Rise of the Intangible Economy,Jonathan Haskel,"Haskel, Jonathan",Stian Westlake,"=""0691175039""","=""9780691175034""",4,3.78,Princeton University Press,Hardcover,288,2017,2017,2022/12/12,2022/11/16,,,read,,,,1,0
501237,Escape from Empire: The Developing World's Journey Through Heaven and Hell,Alice H. Amsden,"Amsden, Alice H.",,"=""0262012340""","=""9780262012348""",3,3.58,Mit Pr,Hardcover,197,2007,2007,2022/12/04,2022/10/25,,,read,,,,1,0
2245289,The Race between Education and Technology,Claudia Goldin,"Goldin, Claudia",Lawrence F. Katz,"=""0674028678""","=""9780674028678""",4,3.82,Belknap Press,Hardcover,496,2008,2008,2022/11/03,2022/10/31,,,read,,,,1,0
36490332,"Talking to My Daughter About the Economy: or, How Capitalism Works—and How It Fails",Yanis Varoufakis,"Varoufakis, Yanis",Jacob Moe,"=""0374718431""","=""9780374718435""",5,4.13,"Farrar, Straus and Giroux",Kindle Edition,224,2018,2013,2022/10/22,2022/01/31,,,read,,,,1,0
9742,The Audacity of Hope: Thoughts on Reclaiming the American Dream,Barack Obama,"Obama, Barack",,"=""0307237699""","=""9780307237699""",4,3.84,Crown Publishers,Hardcover,375,2006,2006,2022/10/20,2022/09/13,,,read,,,,1,0
12980712,The Dream of the Celt,Mario Vargas Llosa,"Llosa, Mario Vargas",Edith Grossman,"=""0374143463""","=""9780374143466""",4,3.85,"Farrar, Straus and Giroux",Hardcover,368,2012,2010,2022/09/08,2022/08/30,,,read,,,,1,0
8710484,La carte et le territoire,Michel Houellebecq,"Houellebecq, Michel",,"=""2081246333""","=""9782081246331""",0,3.95,Flammarion,Paperback,428,2010,2010,,2022/09/01,to-read,to-read (#51),to-read,,,,0,0
58375,Les Particules élémentaires,Michel Houellebecq,"Houellebecq, Michel",,"=""2290351717""","=""9782290351710""",0,3.80,J'ai Lu,Paperback,316,2006,1998,,2022/09/01,currently-reading,currently-reading (#5),currently-reading,,,,1,0
11346,Sula,Toni Morrison,"Morrison, Toni",,"=""0452283868""","=""9780452283862""",4,4.06,Plume,Paperback,174,2002,1973,2022/08/23,2022/08/14,,,read,,,,1,0
13152998,Home,Toni Morrison,"Morrison, Toni",,"=""0307594165""","=""9780307594167""",4,3.83,Knopf,Hardcover,147,2012,2012,,2022/08/18,,,read,,,,1,0
60283318,Democratizing Finance: Restructuring Credit to Transform Society,Fred Block,"Block, Fred",Robert Hockett,"=""1839762675""","=""9781839762673""",0,4.00,Verso,Paperback,336,2022,,,2022/08/14,currently-reading,currently-reading (#4),currently-reading,,,,1,0
3698,The Quiet American,Graham Greene,"Greene, Graham",Robert  Stone,"=""0143039024""","=""9780143039020""",4,3.98,Penguin Classics Deluxe Editions,Paperback,180,2004,1955,2022/08/14,2022/08/13,,,read,,,,1,0
12395,Journey to the End of the Night,Louis-Ferdinand Céline,"Céline, Louis-Ferdinand","Ralph Manheim, Angela Cismaş, William T. Vollmann","=""0811216543""","=""9780811216548""",0,4.18,New Directions,Paperback,453,2006,1932,,2022/08/13,to-read,to-read (#49),to-read,,,,0,0
21,A Short History of Nearly Everything,Bill Bryson,"Bryson, Bill",,"=""076790818X""","=""9780767908184""",5,4.22,Crown,Paperback,544,2004,2003,2022/08/12,2022/08/02,,,read,,,,1,0
706498,"The Rise of ""The Rest"": Challenges to the West from Late-Industrializing Economies",Alice H. Amsden,"Amsden, Alice H.",,"=""0195170598""","=""9780195170597""",5,4.06,Oxford University Press,Paperback,416,2003,2001,2022/08/11,2022/01/23,,,read,,,,1,0
36950522,Crashed: How a Decade of Financial Crises Changed the World,Adam Tooze,"Tooze, Adam",,"=""0670024937""","=""9780670024933""",5,4.29,Viking,Hardcover,720,2018,2018,2022/08/11,2022/01/22,,,read,,,,1,0
706499,Asia's Next Giant: South Korea and Late Industrialization (Oxford Paperbacks),Alice H. Amsden,"Amsden, Alice H.",,"=""0195076036""","=""9780195076035""",0,4.14,Oxford University Press,Paperback,400,1992,1989,,2022/07/08,to-read,to-read (#48),to-read,,,,0,0
41880609,On Earth We're Briefly Gorgeous,Ocean Vuong,"Vuong, Ocean",,"=""0525562028""","=""9780525562023""",3,4.00,Penguin Press,Hardcover,246,2019,2019,2022/06/29,2021/08/10,,,read,,,,1,0
61044577,Geld oder Leben: Wie unser irrationales Verhältnis zum Geld die Gesellschaft spaltet,Marcel Fratzscher,"Fratzscher, Marcel",,"=""3827014565""","=""9783827014566""",4,3.64,Berlin Verlag,Hardcover,256,2022,,2022/06/25,2022/06/21,,,read,,,,1,0
53018486,A Planet to Win: Why We Need a Green New Deal,Kate Aronoff,"Aronoff, Kate","Alyssa Battistoni, Daniel Aldana Cohen, Thea Riofrancos, Naomi Klein","=""1788738314""","=""9781788738316""",4,4.07,Verso Books,Paperback,208,2019,2019,2022/06/21,2022/06/15,,,read,,,,1,0
10185738,Why Marx Was Right,Terry Eagleton,"Eagleton, Terry",,"=""""","=""""",0,3.88,Yale University Press,Hardcover,258,2011,2011,,2022/06/10,currently-reading,currently-reading (#3),currently-reading,,,,1,0
7905092,Freedom,Jonathan Franzen,"Franzen, Jonathan",,"=""0374158460""","=""9780374158460""",5,3.80,"Farrar, Straus and Giroux",Hardcover,562,2010,2010,2022/06/04,2022/05/27,,,read,,,,1,0
25733863,How Will Capitalism End? Essays on a Failing System,Wolfgang Streeck,"Streeck, Wolfgang",,"=""1784784036""","=""9781784784034""",4,3.88,Verso,Kindle Edition,272,2016,2016,2022/05/31,2022/04/12,,,read,,,,1,0
28390369,Swing Time,Zadie Smith,"Smith, Zadie",,"=""0241144159""","=""9780241144152""",4,3.56,Hamish Hamilton,Hardcover,453,2016,2016,2022/05/29,2021/08/10,,,read,,,,1,0
50280589,Offene See,Benjamin Myers,"Myers, Benjamin","Klaus Timmermann, Ulrike Wasel","=""3832181199""","=""9783832181192""",5,4.24,DuMont Buchverlag,Hardcover,270,2020,2019,2022/03/06,2022/02/20,,,read,,,,1,0
3711,White Teeth,Zadie Smith,"Smith, Zadie",,"=""0375703861""","=""9780375703867""",0,3.79,Vintage,Paperback,448,2001,2000,,2022/05/15,to-read,to-read (#47),to-read,,,,0,0
88061,Dreams from My Father: A Story of Race and Inheritance,Barack Obama,"Obama, Barack",,"=""1921351438""","=""9781921351433""",5,3.94,New York: Three Rivers Press,Paperback,453,2004,1995,2022/04/27,2022/04/06,,,read,,,,1,0
42900929,The Old is Dying and the New Cannot Be Born: From Progressive Neoliberalism to Trump and Beyond,Nancy Fraser,"Fraser, Nancy",,"=""1788732723""","=""9781788732727""",4,3.94,Verso,Paperback,63,2019,2019,2022/04/16,2022/04/15,,,read,,,,1,0
41519638,Keystroke-Kapitalismus: Ungleichheit auf Knopfdruck (kleine reihe - kurze Interventionen zu aktuellen Themen) (German Edition),Aaron Sahr,"Sahr, Aaron",,"=""3868549242""","=""9783868549249""",5,4.06,Hamburger Edition HIS,Kindle Edition,175,2017,,2022/04/10,2022/03/30,,,read,,,,1,0
58360220,Zentralbankkapitalismus. Transformationen des globalen Finanzsystems in Krisenzeiten,Joscha Wullweber,"Wullweber, Joscha",,"=""3518127470""","=""9783518127476""",0,4.30,Suhrkamp,Paperback,297,2021,,,2022/04/08,to-read,to-read (#46),to-read,,,,0,0
49742,In a Free State,V.S. Naipaul,"Naipaul, V.S.",,"=""1400030552""","=""9781400030552""",3,3.50,Knopf Doubleday Publishing Group,Paperback,247,2002,1971,2022/04/03,2022/03/19,,,read,,,,1,0
34204313,England Your England,George Orwell,"Orwell, George",,"=""0241315662""","=""9780241315668""",4,3.94,PENGUIN GROUP,Paperback,40,2017,1941,2022/03/30,2022/03/07,,,read,,,,1,0
29858506,BRD Noir: Die Ungleichzeitigkeit von Biografie und Geschichte,Frank Witzel,"Witzel, Frank",,"=""3957573092""","=""9783957573094""",4,3.74,Matthes & Seitz Berlin Verlag,Kindle Edition,174,2016,,,2022/03/20,,,read,,,,1,0
55503076,The Power of Creative Destruction: Economic Upheaval and the Wealth of Nations,Philippe Aghion,"Aghion, Philippe","Céline Antonin, Simon Bunel, Jodie Cohen-Tanugi","=""0674971167""","=""9780674971165""",0,4.09,Belknap Press: An Imprint of Harvard University Press,Hardcover,400,2021,2021,,2022/03/17,currently-reading,currently-reading (#2),currently-reading,,,,1,0
41212411,Desintegriert euch!,Max Czollek,"Czollek, Max",,"=""3446260277""","=""9783446260276""",5,4.33,Hanser Verlag,Hardcover,208,2018,2018,2022/03/17,2021/08/10,,,read,,,,1,0
42585103,The Code of Capital: How the Law Creates Wealth and Inequality,Katharina Pistor,"Pistor, Katharina",,"=""0691178976""","=""9780691178974""",4,4.02,Princeton University Press,Hardcover,320,2019,2019,2022/03/17,2022/02/20,book-club,book-club (#1),read,,,,1,0
67238,Dead Poets Society,N.H. Kleinbaum,"Kleinbaum, N.H.",Tom Schulman,"=""0553282980""","=""9780553282986""",4,4.17,Starfire,Paperback,166,1989,1988,,2022/03/13,,,read,,,,1,0
50403480,At Night All Blood is Black,David Diop,"Diop, David",Anna Moschovakis,"=""0374266972""","=""9780374266974""",3,3.80,"Farrar, Straus and Giroux",Hardcover,145,2020,2018,2022/03/12,2022/03/06,,,read,,,,1,0
53414230,Open Water,Caleb Azumah Nelson,"Nelson, Caleb Azumah",,"=""0241448778""","=""9780241448779""",4,3.99,VIKIN,Hardcover,145,2021,2021,2022/02/20,2022/02/15,,,read,,,,1,0
1310988,"One Economics, Many Recipes: Globalization, Institutions, and Economic Growth",Dani Rodrik,"Rodrik, Dani",,"=""0691129517""","=""9780691129518""",5,4.08,Princeton University Press,Hardcover,280,2007,2007,2022/02/16,2021/08/10,,,read,,,,1,0
49098225,Another Now: Dispatches from an Alternative Present,Yanis Varoufakis,"Varoufakis, Yanis",,"=""1847925634""","=""9781847925633""",5,3.79,Bodley Head,Hardcover,235,2020,2020,2022/02/14,2022/01/31,,,read,,,,1,0
16248196,The Art of Thinking Clearly,Rolf Dobelli,"Dobelli, Rolf",,"=""0062219685""","=""9780062219688""",0,3.85,Harper,Hardcover,384,2013,2011,,2022/02/02,,,read,,,,1,0
17987621,The Entrepreneurial State: Debunking Public vs. Private Sector Myths,Mariana Mazzucato,"Mazzucato, Mariana",Carlota Pérez,"=""0857282514""","=""9780857282514""",0,3.95,Anthem Press,Kindle Edition,266,2013,2011,,2022/02/02,to-read,to-read (#45),to-read,,,,0,0
27311800,Global Inequality: A New Approach for the Age of Globalization,Branko Milanović,"Milanović, Branko",,"=""067473713X""","=""9780674737136""",0,4.00,Belknap Press: An Imprint of Harvard University Press,Hardcover,320,2016,2007,,2022/02/02,to-read,to-read (#44),to-read,,,,0,0
157455,Sonny's Blues (Story collection),James Baldwin,"Baldwin, James",,"=""3125765005""","=""9783125765009""",4,4.33,Klett,Paperback,88,1994,1957,,2022/01/23,,,read,,,,1,0
42358368,The Oxford Handbook of the Ethiopian Economy,Fantu Cheru,"Cheru, Fantu","Christopher Cramer, Arkebe Oqubay","=""0198814984""","=""9780198814986""",4,3.00,Oxford University Press,Hardcover,1008,2019,,,2022/01/31,,,read,,,,1,0
25313833,"Harry Potter und der Gefangene von Askaban (Harry Potter, #3)",J.K. Rowling,"Rowling, J.K.",Klaus Fritz,"=""""","=""""",5,4.58,Carlsen Verlag,Hardcover,448,1999,1999,,2022/01/31,,,read,,,,1,0
165225,"Harry Potter und die Kammer des Schreckens (Harry Potter, #2)",J.K. Rowling,"Rowling, J.K.",Klaus Fritz,"=""""","=""""",4,4.43,Carlsen Verlag,Hardcover,352,1999,1998,,2022/01/31,,,read,,,,1,0
142293,"Harry Potter und der Stein der Weisen (Harry Potter, #1)",J.K. Rowling,"Rowling, J.K.",Klaus Fritz,"=""""","=""""",5,4.47,Carlsen Verlag,Hardcover,335,1998,1997,,2022/01/31,,,read,,,,1,0
942188,"Der Schatten des Windes (Der Friedhof der Vergessenen Bücher, #1)",Carlos Ruiz Zafón,"Zafón, Carlos Ruiz",Peter Schwaar,"=""""","=""""",4,4.31,Suhrkamp,Paperback,565,2005,2001,,2022/01/31,,,read,,,,1,0
18736925,Capital in the Twenty First Century,Thomas Piketty,"Piketty, Thomas",Arthur Goldhammer,"=""067443000X""","=""9780674430006""",0,4.06,Belknap Press: An Imprint of Harvard University Press,Hardcover,685,2014,2013,,2022/01/31,to-read,to-read (#43),to-read,,,,0,0
7727018,Interpreter of Maladies / The Namesake,Jhumpa Lahiri,"Lahiri, Jhumpa",,"=""0547447817""","=""9780547447810""",0,4.21,Houghton Mifflin Harcourt,Hardcover,528,2010,,,2022/01/31,to-read,to-read (#42),to-read,,,,0,0
6192,Disgrace,J.M. Coetzee,"Coetzee, J.M.",,"=""0143036378""","=""9780143036371""",4,3.86,Penguin Books,Paperback,220,2005,1999,2022/01/31,2021/08/10,,,read,,,,1,0
48570454,Transcendent Kingdom,Yaa Gyasi,"Gyasi, Yaa",,"=""""","=""""",0,4.10,Knopf,Hardcover,264,2020,2020,,2022/01/24,to-read,to-read (#41),to-read,,,,0,0
318431,Long Walk to Freedom,Nelson Mandela,"Mandela, Nelson",,"=""0316548189""","=""9780316548182""",5,4.36,Back Bay Books,Paperback,656,1995,1994,2016/12/01,2017/01/13,,,read,,,,1,0
4979,A Man Without a Country,Kurt Vonnegut Jr.,"Jr., Kurt Vonnegut",Daniel Simon,"=""081297736X""","=""9780812977363""",0,4.10,Random House Trade Paperbacks,Paperback,145,2007,2005,,2022/01/23,to-read,to-read (#40),to-read,,,,0,0
53491553,Shutdown: How Covid Shook the World's Economy,Adam Tooze,"Tooze, Adam",,"=""0241485878""","=""9780241485873""",0,3.83,Allen Lane,Hardcover,368,2021,2021,,2022/01/23,to-read,to-read (#39),to-read,,,,0,0
711592,The Wages of Destruction: The Making and Breaking of the Nazi Economy,Adam Tooze,"Tooze, Adam",,"=""0670038261""","=""9780670038268""",0,4.53,Viking Adult,Hardcover,802,2007,2007,,2022/01/23,to-read,to-read (#38),to-read,,,,0,0
38463,If Beale Street Could Talk (Vintage International),James Baldwin,"Baldwin, James",,"=""0307275930""","=""9780307275936""",0,4.27,Vintage,Paperback,197,2006,1974,,2022/01/23,,,read,,,,1,0
2767,A People’s History of the United States: 1492 - Present,Howard Zinn,"Zinn, Howard",,"=""0060838655""","=""9780060838652""",0,4.09,Harper Perennial,Paperback,729,1995,1980,,2022/01/23,to-read,to-read (#37),to-read,,,,0,0
31138556,Homo Deus: A History of Tomorrow,Yuval Noah Harari,"Harari, Yuval Noah",,"=""""","=""""",4,4.18,Harper,ebook,450,2017,2015,,2021/08/10,,,read,,,,1,0
1842,"Guns, Germs, and Steel: The Fates of Human Societies",Jared Diamond,"Diamond, Jared",,"=""0739467352""","=""9780739467350""",4,4.04,W.W. Norton & Company,Paperback,498,2005,1997,,2022/01/23,,,read,,,,1,0
470481,Governing the Market: Economic Theory and the Role of Government in East Asian Industrialization,Robert Wade,"Wade, Robert",,"=""0691117292""","=""9780691117294""",0,4.01,Princeton University Press,Paperback,438,1990,1990,,2022/01/23,to-read,to-read (#36),to-read,,,,0,0
16144575,How Asia Works: Success and Failure in the World's Most Dynamic Region,Joe Studwell,"Studwell, Joe",,"=""080211959X""","=""9780802119599""",0,4.26,Grove Press,Hardcover,320,2013,2013,,2022/01/22,to-read,to-read (#35),to-read,,,,0,0
1210286,Jugend ohne Gott,Ödön von Horváth,"Horváth, Ödön von",,"=""3518388746""","=""9783518388747""",5,3.85,Suhrkamp,Paperback,183,1994,1937,,2017/01/13,,,read,,,,1,0
7624,Lord of the Flies,William Golding,"Golding, William",,"=""0140283331""","=""9780140283334""",4,3.70,Penguin Books ,Paperback,182,1999,1954,2009/01/01,2017/01/13,,,read,,,,1,0
1655091,Der Erdbeerpflücker (Jette Weingärtner #1),Monika Feth,"Feth, Monika",,"=""357030258X""","=""9783570302583""",3,3.59,cbt,Paperback,351,2003,2003,2008/01/01,2017/01/14,,,read,,,,1,0
126381,Purple Hibiscus,Chimamanda Ngozi Adichie,"Adichie, Chimamanda Ngozi",,"=""""","=""""",5,4.18,Harper Perennial,Paperback,336,2005,2003,2017/02/05,2017/01/09,,,read,,,,1,0
3679,On Beauty,Zadie Smith,"Smith, Zadie",,"=""0143037749""","=""9780143037743""",5,3.78,Penguin Books,Paperback,445,2006,2005,2021/08/10,2021/08/10,,,read,,,,1,0
36164265,Straight Talk on Trade: Ideas for a Sane World Economy,Dani Rodrik,"Rodrik, Dani",,"=""1400888905""","=""9781400888900""",5,3.66,Princeton University Press,Kindle Edition,331,2017,2017,,2021/08/10,,,read,,,,1,0
9303596,The Globalization Paradox: Democracy and the Future of the World Economy,Dani Rodrik,"Rodrik, Dani",,"=""0393071618""","=""9780393071610""",5,3.99,W. W. Norton & Company,Hardcover,368,2011,2010,2021/03/01,2021/08/10,,,read,,,,1,0
187808,Kicking Away the Ladder: Development Strategy in Historical Perspective,Ha-Joon Chang,"Chang, Ha-Joon",,"=""1843310279""","=""9781843310273""",5,4.21,Anthem Press,Paperback,196,2002,2002,2019/05/01,2021/08/10,,,read,,,,1,0
11334,Song of Solomon,Toni Morrison,"Morrison, Toni",,"=""140003342X""","=""9781400033423""",5,4.16,Vintage,Paperback,338,2004,1977,2019/11/01,2021/08/10,,,read,,,,1,0
32708131,Gegen den Hass,Carolin Emcke,"Emcke, Carolin",李品佳,"=""3103972318""","=""9783103972313""",3,4.16,S. Fischer,Hardcover,240,2016,2016,2020/07/01,2021/08/10,,,read,,,,1,0
33294497,Elefant,Martin Suter,"Suter, Martin",,"=""3257863101""","=""9783257863109""",3,3.96,Diogenes,Hardcover,352,2017,2017,,2021/08/10,,,read,,,,1,0
45731395,The Deficit Myth: Modern Monetary Theory and the Birth of the People's Economy,Stephanie Kelton,"Kelton, Stephanie",,"=""1541736184""","=""9781541736184""",5,4.03,PublicAffairs,Hardcover,327,2020,2020,2022/01/20,2021/12/26,,,read,,,,1,0
40121378,Atomic Habits: An Easy & Proven Way to Build Good Habits & Break Bad Ones,James Clear,"Clear, James",,"=""""","=""""",3,4.32,Avery,Kindle Edition,319,2018,2018,2022/01/10,2022/01/10,,,read,,,,1,0
27071490,Homegoing,Yaa Gyasi,"Gyasi, Yaa",,"=""""","=""""",5,4.47,Alfred A. Knopf,Hardcover,305,2016,2016,2021/09/26,2021/08/24,,,read,,,,1,0
40274582,American Spy,Lauren Wilkinson,"Wilkinson, Lauren",,"=""0812998952""","=""9780812998955""",3,3.49,Random House,Hardcover,292,2019,2019,2021/09/01,2021/08/24,,,read,,,,1,0
49656780,Home Body,Rupi Kaur,"Kaur, Rupi",,"=""1982172452""","=""9781982172459""",3,4.05,Simon & Schuster,Paperback,192,2020,2020,,2021/08/31,,,read,,,,1,0
54862373,Sei kein Mann: Warum Männlichkeit ein Albtraum für Jungs ist,J.J. Bola,"Bola, J.J.",Malcolm Ohanwe,"=""3446267980""","=""9783446267985""",3,3.94,Hanser Verlag,Paperback,160,2020,2019,,2021/08/25,,,read,,,,2,0
32603498,The Divide: A Brief Guide to Global Inequality and its Solutions,Jason Hickel,"Hickel, Jason",,"=""1785151126""","=""9781785151125""",4,4.62,Heinemann,Hardcover,368,2017,2017,,2021/08/19,,,read,,,,1,0
49771271,Know the Beginning Well: An Inside Journey Through Five Decades of African Development,K.Y. Amoako,"Amoako, K.Y.",Kofi Annan,"=""1569026319""","=""9781569026311""",0,4.00,"Africa World Press, Inc.",Paperback,526,2020,,,2022/01/17,currently-reading,currently-reading (#1),currently-reading,,,,1,0
51845311,Unsere Welt neu denken: Eine Einladung,Maja Göpel,"Göpel, Maja",,"=""""","=""""",4,4.23,,ebook,208,2020,2020,2022/01/07,2022/01/10,,,read,,,,1,0
55539565,Think Again: The Power of Knowing What You Don't Know,Adam M. Grant,"Grant, Adam M.",,"=""1984878107""","=""9781984878106""",4,4.13,Viking Books,Hardcover,307,2021,2021,2022/01/01,2022/01/10,,,read,,,,1,0
54633172,The Promise,Damon Galgut,"Galgut, Damon",,"=""1784744069""","=""9781784744069""",4,3.84,Chatto & Windus,Hardcover,293,2021,2021,2021/12/01,2021/12/26,,,read,,,,1,0
13537891,NW,Zadie Smith,"Smith, Zadie",,"=""0241144140""","=""9780241144145""",3,3.48,Hamish Hamilton,Hardcover,296,2012,2012,2021/10/01,2021/08/10,,,read,,,,1,0
22550484,Ein ganzes Leben,Robert Seethaler,"Seethaler, Robert",,"=""3446246452""","=""9783446246454""",4,3.95,Hanser Berlin,Hardcover,155,2014,2014,2021/12/01,2021/12/26,,,read,,,,1,0
29502362,The Value of Everything: Making and Taking in the Global Economy,Mariana Mazzucato,"Mazzucato, Mariana",,"=""161039674X""","=""9781610396745""",4,4.07,PublicAffairs,Hardcover,384,2018,2018,2021/10/01,2021/12/26,,,read,,,,1,0
43726589,"People, Power, and Profits: Progressive Capitalism for an Age of Discontent",Joseph E. Stiglitz,"Stiglitz, Joseph E.",,"=""1324004215""","=""9781324004219""",4,3.88,W. W. Norton & Company,Hardcover,366,2019,2019,2021/11/01,2021/12/26,,,read,,,,1,0
33513,The White Man's Burden: Why the West's Efforts to Aid the Rest Have Done So Much Ill and So Little Good,William Easterly,"Easterly, William",,"=""0143038826""","=""9780143038825""",4,3.83,Penguin Books,Paperback,448,2007,2006,2021/10/01,2021/12/26,,,read,,,,1,0
33107759,Ökonomie der Ungleichheit: Eine Einführung,Thomas Piketty,"Piketty, Thomas",,"=""3406698476""","=""9783406698477""",4,3.65,C.H.Beck,Kindle Edition,159,2016,1997,,2021/08/26,,,read,,,,2,0
29504097,Afrotopia,Felwine Sarr,"Sarr, Felwine",,"=""284876502X""","=""9782848765020""",4,4.08,French and European Publications Inc,Paperback,154,2016,2016,,2021/08/25,,,read,,,,2,0
48725544,Allegro Pastell,Leif Randt,"Randt, Leif",,"=""""","=""9783462053586""",4,3.57,Kiepenheuer & Witsch,Hardcover,279,2020,2020,,2021/08/25,,,read,,,,2,0
50544568,1000 Serpentinen Angst,Olivia Wenzel,"Wenzel, Olivia",,"=""""","=""9783103974065""",0,3.84,S. Fischer Verlag,Hardcover,352,2020,2020,,2021/08/25,to-read,to-read (#34),to-read,,,,0,0
15811505,Ghana Must Go,Taiye Selasi,"Selasi, Taiye",,"=""1594204497""","=""9781594204494""",0,3.85,Penguin Press,Hardcover,336,2013,2013,,2021/08/24,to-read,to-read (#33),to-read,,,,0,0
2278592,Mord Am Grossen Fluss. Ein Vierteljahrhundert Afrikanischer Unabhaengigkeit,Peter Scholl-Latour,"Scholl-Latour, Peter",,"=""3421063079""","=""9783421063076""",0,3.81,Deutsche Verlags-Anstalt.,Hardcover,544,1986,1986,,2017/02/06,to-read,to-read (#32),to-read,,,,0,0
55294093,What White People Can Do Next: From Allyship to Coalition,Emma Dabiri,"Dabiri, Emma",,"=""0141996730""","=""9780141996738""",5,4.39,Penguin,Paperback,158,2021,2021,2021/08/22,2021/08/23,,,read,,,,1,0
7620849,Axolotl Roadkill,Helene Hegemann,"Hegemann, Helene",,"=""3550087926""","=""9783550087929""",2,2.40,Ullstein,Paperback,208,2010,2010,,2021/08/20,,,read,,,,1,0
26694,Empire,Michael Hardt,"Hardt, Michael",Antonio Negri,"=""0674006712""","=""9780674006713""",0,3.77,Harvard University Press,Paperback,496,2001,2000,,2021/08/19,to-read,to-read (#31),to-read,,,,0,0
217381,Faserland,Christian Kracht,"Kracht, Christian",,"=""3423129824""","=""9783423129824""",0,3.66,DTV Deutscher Taschenbuch,Paperback,160,2002,1995,,2021/08/10,to-read,to-read (#30),to-read,,,,0,0
523593,Der Besuch der alten Dame,Friedrich Dürrenmatt,"Dürrenmatt, Friedrich",,"=""""","=""""",4,3.67,Diogenes,Paperback,155,1998,1956,,2021/08/10,,,read,,,,1,0
223620,Der Verdacht,Friedrich Dürrenmatt,"Dürrenmatt, Friedrich",Zeyyat Selimoğlu,"=""""","=""""",0,3.83,‎ Diogenes Verlag,Paperback,128,2004,1952,,2021/08/10,to-read,to-read (#29),to-read,,,,0,0
35090,Der Richter und sein Henker,Friedrich Dürrenmatt,"Dürrenmatt, Friedrich","John J. Neumaier, William Gillis","=""0395044995""","=""9780395044995""",4,3.71,Houghton Mifflin Company,Paperback,191,1972,1951,,2021/08/10,,,read,,,,1,0
1491384,Montauk,Max Frisch,"Frisch, Max",,"=""3518372009""","=""9783518372005""",0,3.82,Suhrkamp Verlag,Paperback,206,2001,1975,,2021/08/10,to-read,to-read (#28),to-read,,,,0,0
74183,Gantenbein,Max Frisch,"Frisch, Max",,"=""0156344076""","=""9780156344074""",0,3.99,HarperVia,Paperback,304,1982,1964,,2021/08/10,to-read,to-read (#27),to-read,,,,0,0
265102,I'm Not Stiller,Max Frisch,"Frisch, Max",Michael Bullock,"=""1564784509""","=""9781564784506""",0,4.02,Dalkey Archive Press,Paperback,377,2006,1954,,2021/08/10,to-read,to-read (#26),to-read,,,,0,0
1132279,Biedermann und die Brandstifter,Max Frisch,"Frisch, Max",,"=""3518390457""","=""9783518390450""",3,3.66,Suhrkamp,Paperback,94,1996,1958,,2021/08/10,,,read,,,,1,0
19661,Family Matters (Vintage International),Rohinton Mistry,"Mistry, Rohinton",,"=""037570342X""","=""9780375703423""",0,4.03,Vintage Books,Paperback,434,2003,2002,,2021/08/10,to-read,to-read (#25),to-read,,,,0,0
36379441,Ein Leben ist zu wenig. Die Autobiographie,Gregor Gysi,"Gysi, Gregor",Hans-Dieter Schütt,"=""384121391X""","=""9783841213914""",4,3.83,Aufbau Verlag GmbH,Kindle Edition,576,2017,2017,,2021/08/10,,,read,,,,1,0
571938,Woyzeck,Georg Büchner,"Büchner, Georg",,"=""3150180074""","=""9783150180075""",4,2.95,Reclam,Paperback,210,1998,1836,,2021/08/10,,,read,,,,2,0
1290838,Deutschland. Ein Wintermärchen,Heinrich Heine,"Heine, Heinrich",,"=""""","=""9783938484142""",4,3.85,Anaconda Verlag,Hardcover,80,2005,1844,2019/12/01,2021/08/10,,,read,,,,1,0
33916061,We Were Eight Years in Power: An American Tragedy,Ta-Nehisi Coates,"Coates, Ta-Nehisi",,"=""0399590560""","=""9780399590566""",4,4.38,One World,Hardcover,367,2017,2017,2021/05/01,2021/08/10,,,read,,,,1,0
25489625,Between the World and Me,Ta-Nehisi Coates,"Coates, Ta-Nehisi",,"=""""","=""""",4,4.40,Spiegel & Grau,Hardcover,152,2015,2015,2021/03/01,2021/08/10,,,read,,,,1,0
52220686,"Stamped: Racism, Antiracism, and You",Jason Reynolds,"Reynolds, Jason",Ibram X. Kendi,"=""0316453692""","=""9780316453691""",0,4.46,"Little, Brown Books for Young Readers",Hardcover,294,2020,2020,,2021/08/10,to-read,to-read (#24),to-read,,,,0,0
55359022,A Promised Land,Barack Obama,"Obama, Barack",,"=""1524763160""","=""9781524763169""",0,4.31,Crown Publishing Group,Hardcover,701,2020,2020,,2021/08/10,to-read,to-read (#23),to-read,,,,0,0
11691,Snow,Orhan Pamuk,"Pamuk, Orhan",Maureen Freely,"=""""","=""""",0,3.62,Vintage Books,Paperback,463,2005,2002,,2021/08/10,to-read,to-read (#22),to-read,,,,0,0
16631,Steppenwolf,Hermann Hesse,"Hesse, Hermann",Basil Creighton,"=""0140282580""","=""9780140282580""",0,4.13,Penguin,Paperback,256,1999,1927,,2021/08/10,to-read,to-read (#21),to-read,,,,0,0
33606119,Why I'm No Longer Talking to White People About Race,Reni Eddo-Lodge,"Eddo-Lodge, Reni",,"=""140887055X""","=""9781408870556""",4,4.37,Bloomsbury Circus,Hardcover,249,2017,2017,2019/04/01,2021/08/10,,,read,,,,1,0
36352480,Natives: Race and Class in the Ruins of Empire,Akala,"Akala, Akala",,"=""1473661218""","=""9781473661219""",5,4.53,Two Roads ,Hardcover,352,2018,2018,2020/04/01,2021/08/10,,,read,,,,1,0
5129,Brave New World,Aldous Huxley,"Huxley, Aldous",,"=""0060929871""","=""9780060929879""",0,3.98,HarperPerennial / Perennial Classics,Paperback,288,1998,1932,,2021/08/10,to-read,to-read (#20),to-read,,,,0,0
38820046,21 Lessons for the 21st Century,Yuval Noah Harari,"Harari, Yuval Noah",,"=""0525512179""","=""9780525512172""",4,4.15,Random House,Hardcover,372,2018,2018,2020/06/01,2021/08/10,,,read,,,,1,0
9646,Homage to Catalonia,George Orwell,"Orwell, George",Lionel Trilling,"=""0156421178""","=""9780156421171""",4,4.09,"Harcourt, Inc.(Harvest Book)",Paperback,232,1980,1938,2019/11/01,2021/08/10,,,read,,,,1,0
40961427,1984,George Orwell,"Orwell, George",,"=""""","=""""",4,4.20,Houghton Mifflin Harcourt,ebook,298,2013,1948,2020/02/01,2021/08/10,,,read,,,,1,0
23692271,Sapiens: A Brief History of Humankind,Yuval Noah Harari,"Harari, Yuval Noah",,"=""""","=""""",5,4.33,Vintage,Paperback,512,2015,2011,2020/05/01,2021/08/10,,,read,,,,1,0
44024253,Eure Heimat ist unser Albtraum,Fatma Aydemir,"Aydemir, Fatma","Hengameh Yaghoobifarah, Simone Dede Ayivi, Max Czollek, Olga Grjasnowa, Enrico Ippolito, Sharon Dodua Otoo, Reyhan Şahin, Sasha Marianna Salzmann, Mithu M. Sanyal, Nadia Shehadeh, Margarete Stokowski, Deniz Utlu, Vina Yun","=""3961010366""","=""9783961010363""",0,4.50,Ullstein fünf,Hardcover,202,2019,2019,,2021/08/10,to-read,to-read (#19),to-read,,,,0,0
53216485,Gegenwartsbewältigung,Max Czollek,"Czollek, Max",,"=""3446267727""","=""9783446267725""",5,4.24,Hanser Verlag,Hardcover,208,2020,2020,2021/07/01,2021/08/10,,,read,,,,1,0
3118848,Deutschland Schwarz Weiß,Noah Sow,"Sow, Noah",,"=""3570010082""","=""9783570010082""",5,4.52,C. Bertelsmann,Paperback,320,2008,2008,2012/06/01,2021/08/10,,,read,,,,1,0
35213270,exit RACISM: rassismuskritisch denken lernen,Tupoka Ogette,"Ogette, Tupoka",,"=""389771230X""","=""9783897712300""",4,4.65,UNRAST e.V.,Paperback,136,2017,2017,2019/06/01,2021/08/10,,,read,,,,1,0
1129414,Agnes,Peter Stamm,"Stamm, Peter",,"=""3716022454""","=""9783716022450""",4,3.23,Arche Verlag,Hardcover,152,1998,1998,,2021/08/10,,,read,,,,2,0
17403555,"Wann wird es endlich wieder so, wie es nie war",Joachim Meyerhoff,"Meyerhoff, Joachim",,"=""3462045164""","=""9783462045161""",0,4.06,Kiepenheuer & Witsch,Hardcover,352,2013,2013,,2021/08/10,to-read,to-read (#18),to-read,,,,0,0
13640736,"1913: Der Sommer des Jahrhunderts (1913, #1)",Florian Illies,"Illies, Florian",,"=""""","=""9783100368010""",0,3.89,S. Fischer,Hardcover,318,2012,2012,,2021/08/10,to-read,to-read (#17),to-read,,,,0,0
1528410,Night Train to Lisbon,Pascal Mercier,"Mercier, Pascal",Barbara Harshav,"=""0802118585""","=""9780802118585""",4,3.74,Grove Press,Hardcover,438,2007,2004,2019/11/01,2021/08/10,,,read,,,,1,0
28051948,Vom Ende der Einsamkeit,Benedict Wells,"Wells, Benedict",,"=""3257069588""","=""9783257069587""",0,4.37,Diogenes,Hardcover,355,2016,2016,,2021/08/10,to-read,to-read (#16),to-read,,,,0,0
1688598,Die dunkle Seite des Mondes,Martin Suter,"Suter, Martin",,"=""3257233019""","=""9783257233018""",0,3.91,Diogenes,Paperback,315,2001,2000,,2021/08/10,to-read,to-read (#15),to-read,,,,0,0
1410403,"Lila, Lila",Martin Suter,"Suter, Martin",,"=""3257234694""","=""9783257234695""",4,3.76,Diogenes,Paperback,344,2005,2004,,2021/08/10,,,read,,,,1,0
51014619,Good Economics for Hard Times: Better Answers to Our Biggest Problems,Abhijit V. Banerjee,"Banerjee, Abhijit V.",Esther Duflo,"=""""","=""""",4,4.22,PublicAffairs,ebook,417,2019,2019,2021/02/01,2021/08/10,,,read,,,,1,0
33917,The Namesake,Jhumpa Lahiri,"Lahiri, Jhumpa",,"=""0618485228""","=""9780618485222""",4,4.02,Mariner,Paperback,304,2003,2003,2020/11/01,2021/08/10,,,read,,,,1,0
38462,Giovanni’s Room,James Baldwin,"Baldwin, James",,"=""""","=""""",4,4.34,Penguin,Paperback,159,2000,1956,,2021/08/10,,,read,,,,2,0
37415,Their Eyes Were Watching God,Zora Neale Hurston,"Hurston, Zora Neale",,"=""0061120065""","=""9780061120060""",0,3.99,Amistad,Paperback,238,2006,1937,,2021/08/10,to-read,to-read (#14),to-read,,,,0,0
6149,"Beloved (Beloved Trilogy, #1)",Toni Morrison,"Morrison, Toni",,"=""""","=""9781400033416""",0,3.98,Vintage,Paperback,325,2004,1987,,2021/08/10,to-read,to-read (#13),to-read,,,,0,0
23602473,God Help the Child,Toni Morrison,"Morrison, Toni",,"=""0307594173""","=""9780307594174""",4,3.78,Alfred A. Knopf,Hardcover,178,2015,2015,2019/11/01,2021/08/10,,,read,,,,1,0
11337,The Bluest Eye,Toni Morrison,"Morrison, Toni",,"=""""","=""""",0,4.13,Plume,Paperback,216,2005,1970,,2021/08/10,to-read,to-read (#12),to-read,,,,0,0
45497,El alquimista,Paulo Coelho,"Coelho, Paulo",,"=""970051336X""","=""9789700513362""",2,3.92,Grijalbo,Paperback,203,2001,1988,2020/09/01,2021/08/10,,,read,,,,1,0
60142,La ciudad y los perros,Mario Vargas Llosa,"Llosa, Mario Vargas",,"=""8466309152""","=""9788466309158""",0,4.18,Punto de Lectura,Mass Market Paperback,446,2000,1962,,2021/08/10,to-read,to-read (#11),to-read,,,,0,0
9712,Love in the Time of Cholera,Gabriel García Márquez,"Márquez, Gabriel García","Edith Grossman, Kjell Risvik, Carlos Marrodán Casas","=""140003468X""","=""9781400034680""",0,3.94,Vintage International,Paperback,348,2003,1985,,2021/08/10,to-read,to-read (#10),to-read,,,,0,0
8913542,23 Things They Don't Tell You About Capitalism,Ha-Joon Chang,"Chang, Ha-Joon",,"=""1608191664""","=""9781608191666""",4,3.96,Bloomsbury Press,Hardcover,286,2011,2010,2021/05/01,2021/08/10,,,read,,,,1,0
1032019,Bad Samaritans: The Myth of Free Trade and the Secret History of Capitalism,Ha-Joon Chang,"Chang, Ha-Joon",,"=""1596913991""","=""9781596913998""",4,4.20,Bloomsbury Press,Hardcover,288,2007,2007,,2021/08/10,,,read,,,,1,0
20613671,Economics: The User's Guide,Ha-Joon Chang,"Chang, Ha-Joon",,"=""1620408120""","=""9781620408124""",5,4.16,Bloomsbury Publishing,Hardcover,384,2014,2014,2021/06/01,2021/08/10,,,read,,,,1,0
28789662,Economics Rules: The Rights and Wrongs of the Dismal Science,Dani Rodrik,"Rodrik, Dani",,"=""0393353419""","=""9780393353419""",0,3.94,W. W. Norton & Company,Paperback,272,2016,2015,,2021/08/10,to-read,to-read (#9),to-read,,,,0,0
5587960,The Thing Around Your Neck,Chimamanda Ngozi Adichie,"Adichie, Chimamanda Ngozi",,"=""0307271072""","=""9780307271075""",0,4.22,Knopf,Hardcover,218,2009,2008,,2021/08/10,to-read,to-read (#8),to-read,,,,0,0
57032570,Notes on Grief,Chimamanda Ngozi Adichie,"Adichie, Chimamanda Ngozi",,"=""0593320808""","=""9780593320808""",4,4.21,Knopf,Hardcover,86,2021,2021,2021/07/26,2021/08/10,,,read,,,,1,0
29970664,Afrikanisches Fieber (German Edition),Ryszard Kapuściński,"Kapuściński, Ryszard",,"=""3492406076""","=""9783492406079""",3,4.39,Piper Verlag GmbH,Paperback,336,2016,1998,2011/07/01,2017/01/13,,,read,,,,1,0
121120,Petals of Blood,Ngũgĩ wa Thiong'o,"Thiong'o, Ngũgĩ wa","Chinua Achebe, Moses Isegawa","=""0143039172""","=""9780143039174""",0,3.89,Penguin Classics,Paperback,432,2005,1977,,2017/10/23,to-read,to-read (#7),to-read,,,,0,0
10009,Homo Faber,Max Frisch,"Frisch, Max",Michael Bullock,"=""0156421356""","=""9780156421355""",4,3.68,HarperVia,Paperback,214,1994,1957,2017/10/23,2017/10/23,,,read,,,,1,0
13020566,Debating the Ethics of Immigration: Is There a Right to Exclude?,Christopher Heath Wellman,"Wellman, Christopher Heath",Phillip Cole,"=""0199731721""","=""9780199731725""",4,3.32,Oxford University Press,Paperback,340,2011,2011,2017/08/25,2017/08/25,,,read,,,,1,0
231209,"The Prophet of Zongo Street: Unforgettable West African Stories of Folklore, Myth, and Modernity",Mohammed Naseehu Ali,"Ali, Mohammed Naseehu",,"=""0060887508""","=""9780060887506""",0,3.69,Harper Paperbacks,Paperback,224,2006,2005,,2017/08/22,to-read,to-read (#6),to-read,,,,0,0
5439,Interpreter of Maladies,Jhumpa Lahiri,"Lahiri, Jhumpa",,"=""0618101365""","=""9780618101368""",0,4.18,Houghton Mifflin Harcourt,Hardcover,198,2000,1999,,2017/08/22,to-read,to-read (#5),to-read,,,,0,0
34629664,Über Grenzen denken: Eine Ethik der Migration,Julian Nida-Rümelin,"Nida-Rümelin, Julian",,"=""3896845209""","=""9783896845207""",4,3.67,Edition Einwurf,Kindle Edition,218,2017,,,2017/08/22,,,read,,,,1,0
493371,The Bottom Billion: Why the Poorest Countries Are Failing and What Can Be Done About It,Paul Collier,"Collier, Paul",هيثم نشواتي,"=""0195311450""","=""9780195311457""",4,3.85,Oxford University Press,Hardcover,205,2007,2007,,2017/08/22,,,read,,,,1,0
25736717,Africa: Why Economists Get It Wrong,Morten Jerven,"Jerven, Morten",,"=""1783601361""","=""9781783601363""",5,3.83,Zed Books,Kindle Edition,172,2015,2015,2017/06/01,2017/08/22,,,read,,,,1,0
1486448,Harun und das Meer der Geschichten.,Salman Rushdie,"Rushdie, Salman",,"=""3763239553""","=""9783463401539""",4,3.98,Kindler,Hardcover,260,1991,1990,2017/07/01,2017/08/22,,,read,,,,1,0
5211,A Fine Balance,Rohinton Mistry,"Mistry, Rohinton",,"=""140003065X""","=""9781400030651""",5,4.38,Vintage,Paperback,603,1997,1995,2017/07/26,2017/08/22,,,read,,,,1,0
1173998,A Different Hunger: Writings on Black Resistance,Ambalavaner Sivanandan,"Sivanandan, Ambalavaner",,"=""0861043715""","=""9780861043712""",0,4.45,Pluto Press,Paperback,192,1991,1991,,2017/08/22,to-read,to-read (#4),to-read,,,,0,0
6184317,Dead Aid: Why Aid Is Not Working and How There Is a Better Way for Africa,Dambisa Moyo,"Moyo, Dambisa",Niall Ferguson,"=""0374139563""","=""9780374139568""",4,3.70,"Farrar, Straus and Giroux",Hardcover,188,2009,2009,2017/02/26,2017/03/01,,,read,,,,1,0
10245602,Poor Economics: A Radical Rethinking of the Way to Fight Global Poverty,Abhijit V. Banerjee,"Banerjee, Abhijit V.",Esther Duflo,"=""1586487981""","=""9781586487980""",5,4.27,PublicAffairs,Hardcover,320,2011,2011,2016/07/01,2017/02/20,,,read,,,,1,0
7181624,Die Angst des weissen Mannes,Peter Scholl-Latour,"Scholl-Latour, Peter",,"=""3549073313""","=""9783549073315""",3,3.81,Propyläen Verlag,Hardcover,449,2009,2009,2012/05/01,2017/02/06,,,read,,,,1,0
22738563,We Should All Be Feminists,Chimamanda Ngozi Adichie,"Adichie, Chimamanda Ngozi",,"=""""","=""""",4,4.39,Vintage,Kindle Edition,52,2014,2012,2017/02/05,2017/01/09,,,read,,,,1,0
27586,In the Footsteps of Mr. Kurtz: Living on the Brink of Disaster in Mobutu's Congo,Michela Wrong,"Wrong, Michela",,"=""0060934433""","=""9780060934439""",0,4.02,Harper Perennial,Paperback,338,2002,2000,,2017/01/30,to-read,to-read (#3),to-read,,,,0,0
1626414,Das Leben der Tiere.,J.M. Coetzee,"Coetzee, J.M.",,"=""3100108175""","=""9783100108173""",0,3.68,"Fischer (S.), Frankfurt",Hardcover,93,2000,1999,,2017/01/19,to-read,to-read (#2),to-read,,,,0,0
1518932,Tannöd,Andrea Maria Schenkel,"Schenkel, Andrea Maria",,"=""3442736730""","=""9783442736737""",4,3.23,btb,Paperback,129,2008,2006,2011/01/01,2017/01/14,,,read,,,,1,0
1210271,Der Schimmelreiter,Theodor Storm,"Storm, Theodor",,"=""315006015X""","=""9783150060155""",4,3.38,Reclam,Paperback,159,2001,1888,,2017/01/14,,,read,,,,1,0
71943,Peter Camenzind,Hermann Hesse,"Hesse, Hermann",Michael Roloff,"=""0312422636""","=""9780312422639""",4,3.89,Picador,Paperback,201,2003,1904,2014/07/01,2017/01/14,,,read,,,,1,0
1223837,Die Kinder von Eden,Ken Follett,"Follett, Ken",,"=""3404145356""","=""9783404145355""",4,3.64,Bastei Lübbe,Paperback,528,2001,1993,2007/01/01,2017/01/13,,,read,,,,1,0
2165,The Old Man and the Sea,Ernest Hemingway,"Hemingway, Ernest",,"=""0684830493""","=""9780684830490""",4,3.81,Scribner,Hardcover,96,1996,1952,2013/01/01,2017/01/13,,,read,,,,1,0
88387,The Assault,Harry Mulisch,"Mulisch, Harry",Claire Nicolas White,"=""""","=""""",4,3.74,Pantheon,Paperback,185,1986,1982,2010/01/01,2017/01/13,,,read,,,,1,0
942339,Maria Stuart,Friedrich Schiller,"Schiller, Friedrich",Wilhelm Große,"=""3150000645""","=""9783150000649""",3,3.47,Philipp Reclam,Paperback,168,2001,1800,2010/01/01,2017/01/13,,,read,,,,1,0
965956,Andorra,Max Frisch,"Frisch, Max",,"=""3518367773""","=""9783518367773""",4,3.35,Suhrkamp,Paperback,127,1975,1961,2009/01/01,2017/01/13,,,read,,,,1,0
648337,Der Sandmann,E.T.A. Hoffmann,"Hoffmann, E.T.A.",Rudolf Drux,"=""3150002303""","=""9783150002308""",4,3.56,Philipp Reclam jun. Verlag,Paperback,74,1991,1816,2009/01/01,2017/01/13,,,read,,,,1,0
162326,Woyzeck/Leonce und Lena,Georg Büchner,"Büchner, Georg",,"=""0844229458""","=""9780844229454""",4,3.27,Philip Reclam Jun. Verlag,Mass Market Paperback,86,1985,1879,2009/01/01,2017/01/13,,,read,,,,1,0
1097229,Nathan der Weise,Gotthold Ephraim Lessing,"Lessing, Gotthold Ephraim",Peter von Düffel,"=""""","=""""",4,3.31,Stuttgart: Philipp Reclam jun. Verlag GmbH,Paperback,160,1993,1779,2009/01/01,2017/01/13,,,read,,,,1,0
8852,Macbeth,William Shakespeare,"Shakespeare, William","Folger Shakespeare Library, Barbara A. Mowat, Paul Werstine","=""0743477103""","=""9780743477109""",4,3.89,Simon & Schuster,Mass Market Paperback,249,2013,1623,2011/01/01,2017/01/13,,,read,,,,1,0
5296,An Ideal Husband,Oscar Wilde,"Wilde, Oscar",,"=""048641423X""","=""9780486414232""",4,4.01,Dover Publications,Paperback,78,2001,1893,2015/01/01,2017/01/13,,,read,,,,1,0
5297,The Picture of Dorian Gray,Oscar Wilde,"Wilde, Oscar",Jeffrey Eugenides,"=""""","=""""",4,4.14,Random House: Modern Library,Paperback,272,2004,1890,2010/01/01,2017/01/13,,,read,,,,1,0
80890,Buddenbrooks: The Decline of a Family,Thomas Mann,"Mann, Thomas","T.J. Reed, John E. Woods, Jonas Vaznelis","=""0679417370""","=""9780679417378""",3,4.20,Everyman's Library,Hardcover,731,1994,1901,2012/01/01,2017/01/13,,,read,,,,1,0
48855,The Diary of a Young Girl,Anne Frank,"Frank, Anne","Eleanor Roosevelt, Susan Massotty, Γιάννης Θωμόπουλος, Barbara Mooyaart-Doubleday, Otto H. Frank, Mirjam Pressler","=""""","=""""",4,4.20,Bantam,Mass Market Paperback,283,1993,1947,2014/01/01,2017/01/13,,,read,,,,1,0
452220,Die Physiker,Friedrich Dürrenmatt,"Dürrenmatt, Friedrich",,"=""""","=""""",4,3.89,Diogenes,Paperback,95,2001,1962,2014/01/01,2017/01/13,,,read,,,,1,0
52036,Siddhartha,Hermann Hesse,"Hesse, Hermann",Hilda Rosner,"=""""","=""""",4,4.08,Bantam Books,Mass Market Paperback,152,1981,1922,2012/01/01,2017/01/13,,,read,,,,1,0
264587,The Beautyful Ones Are Not Yet Born,Ayi Kwei Armah,"Armah, Ayi Kwei",,"=""0435905406""","=""9780435905408""",0,3.87,Heinemann,Paperback,183,1989,1968,,2017/01/13,to-read,to-read (#1),to-read,,,,0,0
49552,The Stranger,Albert Camus,"Camus, Albert",Matthew  Ward,"=""""","=""""",4,4.03,Vintage International,Paperback,123,1989,1942,2012/01/01,2017/01/13,,,read,,,,1,0
8225859,Congo: een geschiedenis,David Van Reybrouck,"Reybrouck, David Van",,"=""9023456637""","=""9789023456636""",4,4.39,"Bezige Bij, De",Hardcover,680,2010,2010,,2017/01/13,,,read,,,,1,0
5954,Narcissus and Goldmund,Hermann Hesse,"Hesse, Hermann",Ursule Molinaro,"=""0374506841""","=""9780374506841""",5,4.22,"The Noonday Press / Farrar, Straus Giroux",Paperback,315,1997,1930,2012/04/01,2017/01/13,,,read,,,,1,0
2723397,"Ach, Afrika. Berichte aus dem Inneren eines Kontinents",Bartholomäus Grill,"Grill, Bartholomäus",,"=""3442153379""","=""9783442153374""",4,4.34,Goldmann,Paperback,431,2005,2003,2011/11/01,2017/01/13,,,read,,,,1,0
890,Of Mice and Men,John Steinbeck,"Steinbeck, John",,"=""0142000671""","=""9780142000670""",4,3.90,Penguin Books,Paperback,107,2002,1937,2010/01/01,2017/01/13,,,read,,,,1,0
24731,The Tortilla Curtain,T. Coraghessan Boyle,"Boyle, T. Coraghessan",,"=""""","=""""",3,3.66,Penguin Books,Paperback,355,1995,1995,2016/04/01,2017/01/13,,,read,,,,1,0
4671,The Great Gatsby,F. Scott Fitzgerald,"Fitzgerald, F. Scott",,"=""0743273567""","=""9780743273565""",4,3.93,Scribner,Paperback,180,1925,1925,2011/04/01,2017/01/13,,,read,,,,1,0
223635,Mephisto,Klaus Mann,"Mann, Klaus",Robin Smyth,"=""0140189181""","=""9780140189186""",4,4.08,Penguin Classics,Paperback,272,1995,1936,2010/01/13,2017/01/13,,,read,,,,1,0
18749,Half of a Yellow Sun,Chimamanda Ngozi Adichie,"Adichie, Chimamanda Ngozi",,"=""1400044162""","=""9781400044160""",5,4.34,Knopf,Hardcover,435,2006,2006,2017/01/12,2017/01/09,,,read,,,,1,0
37781,"Things Fall Apart (The African Trilogy, #1)",Chinua Achebe,"Achebe, Chinua",,"=""""","=""""",4,3.75,Anchor Books,Paperback,215,1994,1958,,2017/01/09,,,read,,,,1,0
53969,The Feast of the Goat,Mario Vargas Llosa,"Llosa, Mario Vargas",Edith Grossman,"=""0571207766""","=""9780571207763""",5,4.35,Faber and Faber,Paperback,475,2003,2000,,2017/01/09,,,read,,,,1,0
15796700,Americanah,Chimamanda Ngozi Adichie,"Adichie, Chimamanda Ngozi",Jashar Awan,"=""""","=""""",5,4.31,Alfred A. Knopf,Hardcover,477,2013,2013,2016/10/01,2017/01/09,,,read,,,,1,0
23315843,The Festival of Insignificance,Milan Kundera,"Kundera, Milan",Linda Asher,"=""0062356895""","=""9780062356895""",3,3.36,Harper,Hardcover,115,2015,2013,,2017/01/09,,,read,,,,1,0
9717,The Unbearable Lightness of Being,Milan Kundera,"Kundera, Milan",Michael Henry Heim,"=""0571224385""","=""9780571224388""",5,4.11,Harper Perennial,Paperback,314,2009,1984,,2017/01/09,,,read,,,,1,0
26114,The Joke,Milan Kundera,"Kundera, Milan",,"=""""","=""""",4,4.03,Faber and Faber,Paperback,371,1992,1967,,2017/01/09,,,read,,,,1,0
